Workbook
Name A: 'HTBar Individual'!$N$1

Sheet HTBar
A1: Given Data | D1: Month | E1: Jan | F1: Feb | G1: Mar | H1: Apr | I1: May | J1: Jun | K1: Jul | L1: Aug | M1: Sep | N1: Oct | O1: Nov | P1: Dec
A2: Latitude | B2: 48.55 | D2: Hbar (kWh/m2) | E2: 1.44 | F2: 2.35 | G2: 3.57 | H2: 4.65 | I2: 5.07 | J2: 5.46 | K2: 4.97 | L2: 4.46 | M2: 3.23 | N2: 1.95 | O2: 1.31 | P2: 1.11
A3: Longitude | B3: 71.65 | D3: Hbar (MJ/m2) | E3: =PRODUCT(E2,3.6) -> 5.184 | F3: =PRODUCT(F2,3.6) -> 8.46 | G3: =PRODUCT(G2,3.6) -> 12.852 | H3: =PRODUCT(H2,3.6) -> 16.74 | I3: =PRODUCT(I2,3.6) -> 18.252 | J3: =PRODUCT(J2,3.6) -> 19.656 | K3: =PRODUCT(K2,3.6) -> 17.892 | L3: =PRODUCT(L2,3.6) -> 16.056 | ... P3: =PRODUCT(P2,3.6) -> 3.996 | R3: OmegaSdash | S3: =$A$12&TEXT(B12," - ")&B12 -> Beta - 3 | T3: =MIN(DEGREES(ACOS((-TAN($B2*PI()/180))*TAN(E6*PI()/180))),DEGREES(ACOS((-TAN(($B2-$B12)*PI()/180))*TAN(E6*PI()/180)))) -> 64.357072 | U3: =MIN(DEGREES(ACOS((-TAN($B2*PI()/180))*TAN(F6*PI()/180))),DEGREES(ACOS((-TAN(($B2-$B12)*PI()/180))*TAN(F6*PI()/180)))) -> 74.902424 | V3: =MIN(DEGREES(ACOS((-TAN($B2*PI()/180))*TAN(G6*PI()/180))),DEGREES(ACOS((-TAN(($B2-$B12)*PI()/180))*TAN(G6*PI()/180)))) -> 87.259767 | W3: =MIN(DEGREES(ACOS((-TAN($B2*PI()/180))*TAN(H6*PI()/180))),DEGREES(ACOS((-TAN(($B2-$B12)*PI()/180))*TAN(H6*PI()/180)))) -> 99.731449 | X3: =MIN(DEGREES(ACOS((-TAN($B2*PI()/180))*TAN(I6*PI()/180))),DEGREES(ACOS((-TAN(($B2-$B12)*PI()/180))*TAN(I6*PI()/180)))) -> 110.29578 | Y3: =MIN(DEGREES(ACOS((-TAN($B2*PI()/180))*TAN(J6*PI()/180))),DEGREES(ACOS((-TAN(($B2-$B12)*PI()/180))*TAN(J6*PI()/180)))) -> 115.75402 | Z3: =MIN(DEGREES(ACOS((-TAN($B2*PI()/180))*TAN(K6*PI()/180))),DEGREES(ACOS((-TAN(($B2-$B12)*PI()/180))*TAN(K6*PI()/180)))) -> 113.2697 | AA3: =MIN(DEGREES(ACOS((-TAN($B2*PI()/180))*TAN(L6*PI()/180))),DEGREES(ACOS((-TAN(($B2-$B12)*PI()/180))*TAN(L6*PI()/180)))) -> 104.11597 | ... AE3: =MIN(DEGREES(ACOS((-TAN($B2*PI()/180))*TAN(P6*PI()/180))),DEGREES(ACOS((-TAN(($B2-$B12)*PI()/180))*TAN(P6*PI()/180)))) -> 61.198025
A4: Place | B4: BMO (Alma, Quebec) | D4: Pgbar | E4: 0.31 | F4: 0.28 | G4: 0.3 | H4: 0.24 | I4: 0.09 | J4: 0.1 | K4: 0.1 | L4: 0.09 | M4: 0.1 | N4: 0.09 | O4: 0.21 | P4: 0.28 | S4: =$A$12&TEXT(B13," - ")&B13 -> Beta - 6 | T4: =MIN(DEGREES(ACOS((-TAN($B2*PI()/180))*TAN(E6*PI()/180))),DEGREES(ACOS((-TAN(($B2-$B13)*PI()/180))*TAN(E6*PI()/180)))) -> 64.357072 | U4: =MIN(DEGREES(ACOS((-TAN($B2*PI()/180))*TAN(F6*PI()/180))),DEGREES(ACOS((-TAN(($B2-$B13)*PI()/180))*TAN(F6*PI()/180)))) -> 74.902424 | V4: =MIN(DEGREES(ACOS((-TAN($B2*PI()/180))*TAN(G6*PI()/180))),DEGREES(ACOS((-TAN(($B2-$B13)*PI()/180))*TAN(G6*PI()/180)))) -> 87.259767 | W4: =MIN(DEGREES(ACOS((-TAN($B2*PI()/180))*TAN(H6*PI()/180))),DEGREES(ACOS((-TAN(($B2-$B13)*PI()/180))*TAN(H6*PI()/180)))) -> 98.754951 | X4: =MIN(DEGREES(ACOS((-TAN($B2*PI()/180))*TAN(I6*PI()/180))),DEGREES(ACOS((-TAN(($B2-$B13)*PI()/180))*TAN(I6*PI()/180)))) -> 108.20073 | Y4: =MIN(DEGREES(ACOS((-TAN($B2*PI()/180))*TAN(J6*PI()/180))),DEGREES(ACOS((-TAN(($B2-$B13)*PI()/180))*TAN(J6*PI()/180)))) -> 113.03335 | Z4: =MIN(DEGREES(ACOS((-TAN($B2*PI()/180))*TAN(K6*PI()/180))),DEGREES(ACOS((-TAN(($B2-$B13)*PI()/180))*TAN(K6*PI()/180)))) -> 110.83906 | AA4: =MIN(DEGREES(ACOS((-TAN($B2*PI()/180))*TAN(L6*PI()/180))),DEGREES(ACOS((-TAN(($B2-$B13)*PI()/180))*TAN(L6*PI()/180)))) -> 102.68638 | ... AE4: =MIN(DEGREES(ACOS((-TAN($B2*PI()/180))*TAN(P6*PI()/180))),DEGREES(ACOS((-TAN(($B2-$B13)*PI()/180))*TAN(P6*PI()/180)))) -> 61.198025
A5: Gsc | B5: 1367 | D5: nbar | E5: 17 | F5: 47 | G5: 75 | H5: 105 | I5: 135 | J5: 162 | K5: 198 | L5: 228 | M5: 258 | N5: 288 | O5: 318 | P5: 344 | S5: =$A$12&TEXT(B14," - ")&B14 -> Beta - 9 | T5: =MIN(DEGREES(ACOS((-TAN($B2*PI()/180))*TAN(E6*PI()/180))),DEGREES(ACOS((-TAN(($B2-$B14)*PI()/180))*TAN(E6*PI()/180)))) -> 64.357072 | U5: =MIN(DEGREES(ACOS((-TAN($B2*PI()/180))*TAN(F6*PI()/180))),DEGREES(ACOS((-TAN(($B2-$B14)*PI()/180))*TAN(F6*PI()/180)))) -> 74.902424 | V5: =MIN(DEGREES(ACOS((-TAN($B2*PI()/180))*TAN(G6*PI()/180))),DEGREES(ACOS((-TAN(($B2-$B14)*PI()/180))*TAN(G6*PI()/180)))) -> 87.259767 | W5: =MIN(DEGREES(ACOS((-TAN($B2*PI()/180))*TAN(H6*PI()/180))),DEGREES(ACOS((-TAN(($B2-$B14)*PI()/180))*TAN(H6*PI()/180)))) -> 97.870316 | X5: =MIN(DEGREES(ACOS((-TAN($B2*PI()/180))*TAN(I6*PI()/180))),DEGREES(ACOS((-TAN(($B2-$B14)*PI()/180))*TAN(I6*PI()/180)))) -> 106.31968 | Y5: =MIN(DEGREES(ACOS((-TAN($B2*PI()/180))*TAN(J6*PI()/180))),DEGREES(ACOS((-TAN(($B2-$B14)*PI()/180))*TAN(J6*PI()/180)))) -> 110.60938 | Z5: =MIN(DEGREES(ACOS((-TAN($B2*PI()/180))*TAN(K6*PI()/180))),DEGREES(ACOS((-TAN(($B2-$B14)*PI()/180))*TAN(K6*PI()/180)))) -> 108.6652 | AA5: =MIN(DEGREES(ACOS((-TAN($B2*PI()/180))*TAN(L6*PI()/180))),DEGREES(ACOS((-TAN(($B2-$B14)*PI()/180))*TAN(L6*PI()/180)))) -> 101.39497 | ... AE5: =MIN(DEGREES(ACOS((-TAN($B2*PI()/180))*TAN(P6*PI()/180))),DEGREES(ACOS((-TAN(($B2-$B14)*PI()/180))*TAN(P6*PI()/180)))) -> 61.198025
D6: Del | E6: =(23.45*SIN(360*((284+E5)/365)*PI()/180)) -> -20.916963 | F6: =(23.45*SIN(360*((284+F5)/365)*PI()/180)) -> -12.954608 | G6: =(23.45*SIN(360*((284+G5)/365)*PI()/180)) -> -2.4177348 | H6: =(23.45*SIN(360*((284+H5)/365)*PI()/180)) -> 9.4148933 | I6: =(23.45*SIN(360*((284+I5)/365)*PI()/180)) -> 18.791918 | J6: =(23.45*SIN(360*((284+J5)/365)*PI()/180)) -> 23.085911 | K6: =(23.45*SIN(360*((284+K5)/365)*PI()/180)) -> 21.183694 | L6: =(23.45*SIN(360*((284+L5)/365)*PI()/180)) -> 13.45496 | ... P6: =(23.45*SIN(360*((284+P5)/365)*PI()/180)) -> -23.049628 | S6: =$A$12&TEXT(B15," - ")&B15 -> Beta - 12 | T6: =MIN(DEGREES(ACOS((-TAN($B2*PI()/180))*TAN(E6*PI()/180))),DEGREES(ACOS((-TAN(($B2-$B15)*PI()/180))*TAN(E6*PI()/180)))) -> 64.357072 | U6: =MIN(DEGREES(ACOS((-TAN($B2*PI()/180))*TAN(F6*PI()/180))),DEGREES(ACOS((-TAN(($B2-$B15)*PI()/180))*TAN(F6*PI()/180)))) -> 74.902424 | V6: =MIN(DEGREES(ACOS((-TAN($B2*PI()/180))*TAN(G6*PI()/180))),DEGREES(ACOS((-TAN(($B2-$B15)*PI()/180))*TAN(G6*PI()/180)))) -> 87.259767 | W6: =MIN(DEGREES(ACOS((-TAN($B2*PI()/180))*TAN(H6*PI()/180))),DEGREES(ACOS((-TAN(($B2-$B15)*PI()/180))*TAN(H6*PI()/180)))) -> 97.060739 | X6: =MIN(DEGREES(ACOS((-TAN($B2*PI()/180))*TAN(I6*PI()/180))),DEGREES(ACOS((-TAN(($B2-$B15)*PI()/180))*TAN(I6*PI()/180)))) -> 104.6105 | Y6: =MIN(DEGREES(ACOS((-TAN($B2*PI()/180))*TAN(J6*PI()/180))),DEGREES(ACOS((-TAN(($B2-$B15)*PI()/180))*TAN(J6*PI()/180)))) -> 108.42005 | Z6: =MIN(DEGREES(ACOS((-TAN($B2*PI()/180))*TAN(K6*PI()/180))),DEGREES(ACOS((-TAN(($B2-$B15)*PI()/180))*TAN(K6*PI()/180)))) -> 106.69599 | AA6: =MIN(DEGREES(ACOS((-TAN($B2*PI()/180))*TAN(L6*PI()/180))),DEGREES(ACOS((-TAN(($B2-$B15)*PI()/180))*TAN(L6*PI()/180)))) -> 100.21586 | ... AE6: =MIN(DEGREES(ACOS((-TAN($B2*PI()/180))*TAN(P6*PI()/180))),DEGREES(ACOS((-TAN(($B2-$B15)*PI()/180))*TAN(P6*PI()/180)))) -> 61.198025
D7: OmegaS | E7: =DEGREES(ACOS((-TAN($B2*PI()/180))*TAN(E6*PI()/180))) -> 64.357072 | F7: =DEGREES(ACOS((-TAN($B2*PI()/180))*TAN(F6*PI()/180))) -> 74.902424 | G7: =DEGREES(ACOS((-TAN($B2*PI()/180))*TAN(G6*PI()/180))) -> 87.259767 | H7: =DEGREES(ACOS((-TAN($B2*PI()/180))*TAN(H6*PI()/180))) -> 100.82155 | I7: =DEGREES(ACOS((-TAN($B2*PI()/180))*TAN(I6*PI()/180))) -> 112.66129 | J7: =DEGREES(ACOS((-TAN($B2*PI()/180))*TAN(J6*PI()/180))) -> 118.85738 | K7: =DEGREES(ACOS((-TAN($B2*PI()/180))*TAN(K6*PI()/180))) -> 116.02819 | L7: =DEGREES(ACOS((-TAN($B2*PI()/180))*TAN(L6*PI()/180))) -> 105.7176 | ... P7: =DEGREES(ACOS((-TAN($B2*PI()/180))*TAN(P6*PI()/180))) -> 61.198025 | S7: =$A$12&TEXT(B16," - ")&B16 -> Beta - 15 | T7: =MIN(DEGREES(ACOS((-TAN($B2*PI()/180))*TAN(E6*PI()/180))),DEGREES(ACOS((-TAN(($B2-$B16)*PI()/180))*TAN(E6*PI()/180)))) -> 64.357072 | U7: =MIN(DEGREES(ACOS((-TAN($B2*PI()/180))*TAN(F6*PI()/180))),DEGREES(ACOS((-TAN(($B2-$B16)*PI()/180))*TAN(F6*PI()/180)))) -> 74.902424 | V7: =MIN(DEGREES(ACOS((-TAN($B2*PI()/180))*TAN(G6*PI()/180))),DEGREES(ACOS((-TAN(($B2-$B16)*PI()/180))*TAN(G6*PI()/180)))) -> 87.259767 | W7: =MIN(DEGREES(ACOS((-TAN($B2*PI()/180))*TAN(H6*PI()/180))),DEGREES(ACOS((-TAN(($B2-$B16)*PI()/180))*TAN(H6*PI()/180)))) -> 96.312977 | X7: =MIN(DEGREES(ACOS((-TAN($B2*PI()/180))*TAN(I6*PI()/180))),DEGREES(ACOS((-TAN(($B2-$B16)*PI()/180))*TAN(I6*PI()/180)))) -> 103.04095 | Y7: =MIN(DEGREES(ACOS((-TAN($B2*PI()/180))*TAN(J6*PI()/180))),DEGREES(ACOS((-TAN(($B2-$B16)*PI()/180))*TAN(J6*PI()/180)))) -> 106.41909 | Z7: =MIN(DEGREES(ACOS((-TAN($B2*PI()/180))*TAN(K6*PI()/180))),DEGREES(ACOS((-TAN(($B2-$B16)*PI()/180))*TAN(K6*PI()/180)))) -> 104.89203 | AA7: =MIN(DEGREES(ACOS((-TAN($B2*PI()/180))*TAN(L6*PI()/180))),DEGREES(ACOS((-TAN(($B2-$B16)*PI()/180))*TAN(L6*PI()/180)))) -> 99.12883 | ... AE7: =MIN(DEGREES(ACOS((-TAN($B2*PI()/180))*TAN(P6*PI()/180))),DEGREES(ACOS((-TAN(($B2-$B16)*PI()/180))*TAN(P6*PI()/180)))) -> 61.198025
D8: HoBar (MJ/m2) | E8: =(24*3600*1367*(1 + (0.033*COS((360*E5*PI())/(365*180))))*((COS($B2*PI()/180)*COS(E6*PI()/180)*SIN(E7*PI()/180))+((PI()*E7/180)*SIN($B2*PI()/180)*SIN(E6*PI()/180))))/(PI()*1000000) -> 9.9620948 | F8: =(24*3600*1367*(1 + (0.033*COS((360*F5*PI())/(365*180))))*((COS($B2*PI()/180)*COS(F6*PI()/180)*SIN(F7*PI()/180))+((PI()*F7/180)*SIN($B2*PI()/180)*SIN(F6*PI()/180))))/(PI()*1000000) -> 15.503106 | G8: =(24*3600*1367*(1 + (0.033*COS((360*G5*PI())/(365*180))))*((COS($B2*PI()/180)*COS(G6*PI()/180)*SIN(G7*PI()/180))+((PI()*G7/180)*SIN($B2*PI()/180)*SIN(G6*PI()/180))))/(PI()*1000000) -> 23.235569 | H8: =(24*3600*1367*(1 + (0.033*COS((360*H5*PI())/(365*180))))*((COS($B2*PI()/180)*COS(H6*PI()/180)*SIN(H7*PI()/180))+((PI()*H7/180)*SIN($B2*PI()/180)*SIN(H6*PI()/180))))/(PI()*1000000) -> 31.976846 | I8: =(24*3600*1367*(1 + (0.033*COS((360*I5*PI())/(365*180))))*((COS($B2*PI()/180)*COS(I6*PI()/180)*SIN(I7*PI()/180))+((PI()*I7/180)*SIN($B2*PI()/180)*SIN(I6*PI()/180))))/(PI()*1000000) -> 38.696584 | J8: =(24*3600*1367*(1 + (0.033*COS((360*J5*PI())/(365*180))))*((COS($B2*PI()/180)*COS(J6*PI()/180)*SIN(J7*PI()/180))+((PI()*J7/180)*SIN($B2*PI()/180)*SIN(J6*PI()/180))))/(PI()*1000000) -> 41.641344 | K8: =(24*3600*1367*(1 + (0.033*COS((360*K5*PI())/(365*180))))*((COS($B2*PI()/180)*COS(K6*PI()/180)*SIN(K7*PI()/180))+((PI()*K7/180)*SIN($B2*PI()/180)*SIN(K6*PI()/180))))/(PI()*1000000) -> 40.152123 | L8: =(24*3600*1367*(1 + (0.033*COS((360*L5*PI())/(365*180))))*((COS($B2*PI()/180)*COS(L6*PI()/180)*SIN(L7*PI()/180))+((PI()*L7/180)*SIN($B2*PI()/180)*SIN(L6*PI()/180))))/(PI()*1000000) -> 34.568812 | ... P8: =(24*3600*1367*(1 + (0.033*COS((360*P5*PI())/(365*180))))*((COS($B2*PI()/180)*COS(P6*PI()/180)*SIN(P7*PI()/180))+((PI()*P7/180)*SIN($B2*PI()/180)*SIN(P6*PI()/180))))/(PI()*1000000) -> 8.5384218 | S8: =$A$12&TEXT(B17," - ")&B17 -> Beta - 18 | T8: =MIN(DEGREES(ACOS((-TAN($B2*PI()/180))*TAN(E6*PI()/180))),DEGREES(ACOS((-TAN(($B2-$B17)*PI()/180))*TAN(E6*PI()/180)))) -> 64.357072 | U8: =MIN(DEGREES(ACOS((-TAN($B2*PI()/180))*TAN(F6*PI()/180))),DEGREES(ACOS((-TAN(($B2-$B17)*PI()/180))*TAN(F6*PI()/180)))) -> 74.902424 | V8: =MIN(DEGREES(ACOS((-TAN($B2*PI()/180))*TAN(G6*PI()/180))),DEGREES(ACOS((-TAN(($B2-$B17)*PI()/180))*TAN(G6*PI()/180)))) -> 87.259767 | W8: =MIN(DEGREES(ACOS((-TAN($B2*PI()/180))*TAN(H6*PI()/180))),DEGREES(ACOS((-TAN(($B2-$B17)*PI()/180))*TAN(H6*PI()/180)))) -> 95.616419 | X8: =MIN(DEGREES(ACOS((-TAN($B2*PI()/180))*TAN(I6*PI()/180))),DEGREES(ACOS((-TAN(($B2-$B17)*PI()/180))*TAN(I6*PI()/180)))) -> 101.58578 | Y8: =MIN(DEGREES(ACOS((-TAN($B2*PI()/180))*TAN(J6*PI()/180))),DEGREES(ACOS((-TAN(($B2-$B17)*PI()/180))*TAN(J6*PI()/180)))) -> 104.57097 | Z8: =MIN(DEGREES(ACOS((-TAN($B2*PI()/180))*TAN(K6*PI()/180))),DEGREES(ACOS((-TAN(($B2-$B17)*PI()/180))*TAN(K6*PI()/180)))) -> 103.22281 | AA8: =MIN(DEGREES(ACOS((-TAN($B2*PI()/180))*TAN(L6*PI()/180))),DEGREES(ACOS((-TAN(($B2-$B17)*PI()/180))*TAN(L6*PI()/180)))) -> 98.117807 | ... AE8: =MIN(DEGREES(ACOS((-TAN($B2*PI()/180))*TAN(P6*PI()/180))),DEGREES(ACOS((-TAN(($B2-$B17)*PI()/180))*TAN(P6*PI()/180)))) -> 61.198025
D9: KtBar | E9: =E3/E8 -> 0.52037248 | F9: =F3/F8 -> 0.5456971 | G9: =G3/G8 -> 0.55311751 | H9: =H3/H8 -> 0.5235038 | I9: =I3/I8 -> 0.47166954 | J9: =J3/J8 -> 0.47203087 | K9: =K3/K8 -> 0.44560533 | L9: =L3/L8 -> 0.46446491 | ... P9: =P3/P8 -> 0.46800218 | S9: =$A$12&TEXT(B18," - ")&B18 -> Beta - 21 | T9: =MIN(DEGREES(ACOS((-TAN($B2*PI()/180))*TAN(E6*PI()/180))),DEGREES(ACOS((-TAN(($B2-$B18)*PI()/180))*TAN(E6*PI()/180)))) -> 64.357072 | U9: =MIN(DEGREES(ACOS((-TAN($B2*PI()/180))*TAN(F6*PI()/180))),DEGREES(ACOS((-TAN(($B2-$B18)*PI()/180))*TAN(F6*PI()/180)))) -> 74.902424 | V9: =MIN(DEGREES(ACOS((-TAN($B2*PI()/180))*TAN(G6*PI()/180))),DEGREES(ACOS((-TAN(($B2-$B18)*PI()/180))*TAN(G6*PI()/180)))) -> 87.259767 | W9: =MIN(DEGREES(ACOS((-TAN($B2*PI()/180))*TAN(H6*PI()/180))),DEGREES(ACOS((-TAN(($B2-$B18)*PI()/180))*TAN(H6*PI()/180)))) -> 94.962421 | X9: =MIN(DEGREES(ACOS((-TAN($B2*PI()/180))*TAN(I6*PI()/180))),DEGREES(ACOS((-TAN(($B2-$B18)*PI()/180))*TAN(I6*PI()/180)))) -> 100.22482 | Y9: =MIN(DEGREES(ACOS((-TAN($B2*PI()/180))*TAN(J6*PI()/180))),DEGREES(ACOS((-TAN(($B2-$B18)*PI()/180))*TAN(J6*PI()/180)))) -> 102.84782 | Z9: =MIN(DEGREES(ACOS((-TAN($B2*PI()/180))*TAN(K6*PI()/180))),DEGREES(ACOS((-TAN(($B2-$B18)*PI()/180))*TAN(K6*PI()/180)))) -> 101.66413 | AA9: =MIN(DEGREES(ACOS((-TAN($B2*PI()/180))*TAN(L6*PI()/180))),DEGREES(ACOS((-TAN(($B2-$B18)*PI()/180))*TAN(L6*PI()/180)))) -> 97.169775 | ... AE9: =MIN(DEGREES(ACOS((-TAN($B2*PI()/180))*TAN(P6*PI()/180))),DEGREES(ACOS((-TAN(($B2-$B18)*PI()/180))*TAN(P6*PI()/180)))) -> 61.198025
D10: HdBar/Hbar | E10: =IF(E7<= 81.4,(1.391 - (3.56*E9) + (4.189*E9*E9) - (2.137*E9*E9*E9)),(1.311 - (3.022*E9) + (3.427*E9*E9) - (1.821*E9*E9*E9))) -> 0.37167742 | F10: =IF(F7<= 81.4,(1.391 - (3.56*F9) + (4.189*F9*F9) - (2.137*F9*F9*F9)),(1.311 - (3.022*F9) + (3.427*F9*F9) - (1.821*F9*F9*F9))) -> 0.3484773 | G10: =IF(G7<= 81.4,(1.391 - (3.56*G9) + (4.189*G9*G9) - (2.137*G9*G9*G9)),(1.311 - (3.022*G9) + (3.427*G9*G9) - (1.821*G9*G9*G9))) -> 0.37978177 | H10: =IF(H7<= 81.4,(1.391 - (3.56*H9) + (4.189*H9*H9) - (2.137*H9*H9*H9)),(1.311 - (3.022*H9) + (3.427*H9*H9) - (1.821*H9*H9*H9))) -> 0.4069043 | I10: =IF(I7<= 81.4,(1.391 - (3.56*I9) + (4.189*I9*I9) - (2.137*I9*I9*I9)),(1.311 - (3.022*I9) + (3.427*I9*I9) - (1.821*I9*I9*I9))) -> 0.45694311 | J10: =IF(J7<= 81.4,(1.391 - (3.56*J9) + (4.189*J9*J9) - (2.137*J9*J9*J9)),(1.311 - (3.022*J9) + (3.427*J9*J9) - (1.821*J9*J9*J9))) -> 0.45658025 | K10: =IF(K7<= 81.4,(1.391 - (3.56*K9) + (4.189*K9*K9) - (2.137*K9*K9*K9)),(1.311 - (3.022*K9) + (3.427*K9*K9) - (1.821*K9*K9*K9))) -> 0.48373558 | L10: =IF(L7<= 81.4,(1.391 - (3.56*L9) + (4.189*L9*L9) - (2.137*L9*L9*L9)),(1.311 - (3.022*L9) + (3.427*L9*L9) - (1.821*L9*L9*L9))) -> 0.46422529 | ... P10: =IF(P7<= 81.4,(1.391 - (3.56*P9) + (4.189*P9*P9) - (2.137*P9*P9*P9)),(1.311 - (3.022*P9) + (3.427*P9*P9) - (1.821*P9*P9*P9))) -> 0.42335986 | S10: =$A$12&TEXT(B19," - ")&B19 -> Beta - 24 | T10: =MIN(DEGREES(ACOS((-TAN($B2*PI()/180))*TAN(E6*PI()/180))),DEGREES(ACOS((-TAN(($B2-$B19)*PI()/180))*TAN(E6*PI()/180)))) -> 64.357072 | U10: =MIN(DEGREES(ACOS((-TAN($B2*PI()/180))*TAN(F6*PI()/180))),DEGREES(ACOS((-TAN(($B2-$B19)*PI()/180))*TAN(F6*PI()/180)))) -> 74.902424 | V10: =MIN(DEGREES(ACOS((-TAN($B2*PI()/180))*TAN(G6*PI()/180))),DEGREES(ACOS((-TAN(($B2-$B19)*PI()/180))*TAN(G6*PI()/180)))) -> 87.259767 | W10: =MIN(DEGREES(ACOS((-TAN($B2*PI()/180))*TAN(H6*PI()/180))),DEGREES(ACOS((-TAN(($B2-$B19)*PI()/180))*TAN(H6*PI()/180)))) -> 94.34383 | X10: =MIN(DEGREES(ACOS((-TAN($B2*PI()/180))*TAN(I6*PI()/180))),DEGREES(ACOS((-TAN(($B2-$B19)*PI()/180))*TAN(I6*PI()/180)))) -> 98.941672 | Y10: =MIN(DEGREES(ACOS((-TAN($B2*PI()/180))*TAN(J6*PI()/180))),DEGREES(ACOS((-TAN(($B2-$B19)*PI()/180))*TAN(J6*PI()/180)))) -> 101.22724 | Z10: =MIN(DEGREES(ACOS((-TAN($B2*PI()/180))*TAN(K6*PI()/180))),DEGREES(ACOS((-TAN(($B2-$B19)*PI()/180))*TAN(K6*PI()/180)))) -> 100.19646 | AA10: =MIN(DEGREES(ACOS((-TAN($B2*PI()/180))*TAN(L6*PI()/180))),DEGREES(ACOS((-TAN(($B2-$B19)*PI()/180))*TAN(L6*PI()/180)))) -> 96.274021 | ... AE10: =MIN(DEGREES(ACOS((-TAN($B2*PI()/180))*TAN(P6*PI()/180))),DEGREES(ACOS((-TAN(($B2-$B19)*PI()/180))*TAN(P6*PI()/180)))) -> 61.198025
D11: HdBar | E11: =E10*E3 -> 1.9267757 | F11: =F10*F3 -> 2.9481179 | G11: =G10*G3 -> 4.8809553 | H11: =H10*H3 -> 6.811578 | I11: =I10*I3 -> 8.3401257 | J11: =J10*J3 -> 8.9745414 | K11: =K10*K3 -> 8.654997 | L11: =L10*L3 -> 7.4536012 | ... P11: =P10*P3 -> 1.691746 | S11: =$A$12&TEXT(B20," - ")&B20 -> Beta - 27 | T11: =MIN(DEGREES(ACOS((-TAN($B2*PI()/180))*TAN(E6*PI()/180))),DEGREES(ACOS((-TAN(($B2-$B20)*PI()/180))*TAN(E6*PI()/180)))) -> 64.357072 | U11: =MIN(DEGREES(ACOS((-TAN($B2*PI()/180))*TAN(F6*PI()/180))),DEGREES(ACOS((-TAN(($B2-$B20)*PI()/180))*TAN(F6*PI()/180)))) -> 74.902424 | V11: =MIN(DEGREES(ACOS((-TAN($B2*PI()/180))*TAN(G6*PI()/180))),DEGREES(ACOS((-TAN(($B2-$B20)*PI()/180))*TAN(G6*PI()/180)))) -> 87.259767 | W11: =MIN(DEGREES(ACOS((-TAN($B2*PI()/180))*TAN(H6*PI()/180))),DEGREES(ACOS((-TAN(($B2-$B20)*PI()/180))*TAN(H6*PI()/180)))) -> 93.754636 | X11: =MIN(DEGREES(ACOS((-TAN($B2*PI()/180))*TAN(I6*PI()/180))),DEGREES(ACOS((-TAN(($B2-$B20)*PI()/180))*TAN(I6*PI()/180)))) -> 97.722723 | Y11: =MIN(DEGREES(ACOS((-TAN($B2*PI()/180))*TAN(J6*PI()/180))),DEGREES(ACOS((-TAN(($B2-$B20)*PI()/180))*TAN(J6*PI()/180)))) -> 99.690876 | Z11: =MIN(DEGREES(ACOS((-TAN($B2*PI()/180))*TAN(K6*PI()/180))),DEGREES(ACOS((-TAN(($B2-$B20)*PI()/180))*TAN(K6*PI()/180)))) -> 98.8037 | AA11: =MIN(DEGREES(ACOS((-TAN($B2*PI()/180))*TAN(L6*PI()/180))),DEGREES(ACOS((-TAN(($B2-$B20)*PI()/180))*TAN(L6*PI()/180)))) -> 95.421585 | ... AE11: =MIN(DEGREES(ACOS((-TAN($B2*PI()/180))*TAN(P6*PI()/180))),DEGREES(ACOS((-TAN(($B2-$B20)*PI()/180))*TAN(P6*PI()/180)))) -> 61.198025
A12: Beta | B12: 3 | D12: ="RbBar at Beta = "&B12 -> RbBar at Beta = 3 | E12: =(((COS(($B2-$B12)*PI()/180)*COS(E6*PI()/180)*SIN(T3*PI()/180))+((PI()/180)*T3*SIN(($B2-$B12)*PI()/180)*SIN(E6*PI()/180)))/((COS($B2*PI()/180)*COS(E6*PI()/180)*SIN(E7*PI()/180))+((PI()/180)*E7*SIN($B2*PI()/180)*SIN(E6*PI()/180)))) -> 1.1813173 | F12: =(((COS(($B2-$B12)*PI()/180)*COS(F6*PI()/180)*SIN(U3*PI()/180))+((PI()/180)*U3*SIN(($B2-$B12)*PI()/180)*SIN(F6*PI()/180)))/((COS($B2*PI()/180)*COS(F6*PI()/180)*SIN(F7*PI()/180))+((PI()/180)*F7*SIN($B2*PI()/180)*SIN(F6*PI()/180)))) -> 1.1153568 | G12: =(((COS(($B2-$B12)*PI()/180)*COS(G6*PI()/180)*SIN(V3*PI()/180))+((PI()/180)*V3*SIN(($B2-$B12)*PI()/180)*SIN(G6*PI()/180)))/((COS($B2*PI()/180)*COS(G6*PI()/180)*SIN(G7*PI()/180))+((PI()/180)*G7*SIN($B2*PI()/180)*SIN(G6*PI()/180)))) -> 1.0661821 | H12: =(((COS(($B2-$B12)*PI()/180)*COS(H6*PI()/180)*SIN(W3*PI()/180))+((PI()/180)*W3*SIN(($B2-$B12)*PI()/180)*SIN(H6*PI()/180)))/((COS($B2*PI()/180)*COS(H6*PI()/180)*SIN(H7*PI()/180))+((PI()/180)*H7*SIN($B2*PI()/180)*SIN(H6*PI()/180)))) -> 1.0314829 | I12: =(((COS(($B2-$B12)*PI()/180)*COS(I6*PI()/180)*SIN(X3*PI()/180))+((PI()/180)*X3*SIN(($B2-$B12)*PI()/180)*SIN(I6*PI()/180)))/((COS($B2*PI()/180)*COS(I6*PI()/180)*SIN(I7*PI()/180))+((PI()/180)*I7*SIN($B2*PI()/180)*SIN(I6*PI()/180)))) -> 1.0108343 | J12: =(((COS(($B2-$B12)*PI()/180)*COS(J6*PI()/180)*SIN(Y3*PI()/180))+((PI()/180)*Y3*SIN(($B2-$B12)*PI()/180)*SIN(J6*PI()/180)))/((COS($B2*PI()/180)*COS(J6*PI()/180)*SIN(J7*PI()/180))+((PI()/180)*J7*SIN($B2*PI()/180)*SIN(J6*PI()/180)))) -> 1.0023636 | K12: =(((COS(($B2-$B12)*PI()/180)*COS(K6*PI()/180)*SIN(Z3*PI()/180))+((PI()/180)*Z3*SIN(($B2-$B12)*PI()/180)*SIN(K6*PI()/180)))/((COS($B2*PI()/180)*COS(K6*PI()/180)*SIN(K7*PI()/180))+((PI()/180)*K7*SIN($B2*PI()/180)*SIN(K6*PI()/180)))) -> 1.0060677 | L12: =(((COS(($B2-$B12)*PI()/180)*COS(L6*PI()/180)*SIN(AA3*PI()/180))+((PI()/180)*AA3*SIN(($B2-$B12)*PI()/180)*SIN(L6*PI()/180)))/((COS($B2*PI()/180)*COS(L6*PI()/180)*SIN(L7*PI()/180))+((PI()/180)*L7*SIN($B2*PI()/180)*SIN(L6*PI()/180)))) -> 1.0221108 | ... P12: =(((COS(($B2-$B12)*PI()/180)*COS(P6*PI()/180)*SIN(AE3*PI()/180))+((PI()/180)*AE3*SIN(($B2-$B12)*PI()/180)*SIN(P6*PI()/180)))/((COS($B2*PI()/180)*COS(P6*PI()/180)*SIN(P7*PI()/180))+((PI()/180)*P7*SIN($B2*PI()/180)*SIN(P6*PI()/180)))) -> 1.2079607 | S12: =$A$12&TEXT(B21," - ")&B21 -> Beta - 30 | T12: =MIN(DEGREES(ACOS((-TAN($B2*PI()/180))*TAN(E6*PI()/180))),DEGREES(ACOS((-TAN(($B2-$B21)*PI()/180))*TAN(E6*PI()/180)))) -> 64.357072 | U12: =MIN(DEGREES(ACOS((-TAN($B2*PI()/180))*TAN(F6*PI()/180))),DEGREES(ACOS((-TAN(($B2-$B21)*PI()/180))*TAN(F6*PI()/180)))) -> 74.902424 | V12: =MIN(DEGREES(ACOS((-TAN($B2*PI()/180))*TAN(G6*PI()/180))),DEGREES(ACOS((-TAN(($B2-$B21)*PI()/180))*TAN(G6*PI()/180)))) -> 87.259767 | W12: =MIN(DEGREES(ACOS((-TAN($B2*PI()/180))*TAN(H6*PI()/180))),DEGREES(ACOS((-TAN(($B2-$B21)*PI()/180))*TAN(H6*PI()/180)))) -> 93.189711 | X12: =MIN(DEGREES(ACOS((-TAN($B2*PI()/180))*TAN(I6*PI()/180))),DEGREES(ACOS((-TAN(($B2-$B21)*PI()/180))*TAN(I6*PI()/180)))) -> 96.556513 | Y12: =MIN(DEGREES(ACOS((-TAN($B2*PI()/180))*TAN(J6*PI()/180))),DEGREES(ACOS((-TAN(($B2-$B21)*PI()/180))*TAN(J6*PI()/180)))) -> 98.22342 | Z12: =MIN(DEGREES(ACOS((-TAN($B2*PI()/180))*TAN(K6*PI()/180))),DEGREES(ACOS((-TAN(($B2-$B21)*PI()/180))*TAN(K6*PI()/180)))) -> 97.472343 | AA12: =MIN(DEGREES(ACOS((-TAN($B2*PI()/180))*TAN(L6*PI()/180))),DEGREES(ACOS((-TAN(($B2-$B21)*PI()/180))*TAN(L6*PI()/180)))) -> 94.604851 | ... AE12: =MIN(DEGREES(ACOS((-TAN($B2*PI()/180))*TAN(P6*PI()/180))),DEGREES(ACOS((-TAN(($B2-$B21)*PI()/180))*TAN(P6*PI()/180)))) -> 61.198025
B13: =B12+3 -> 6 | D13: ="RbBar at Beta = "&B13 -> RbBar at Beta = 6 | E13: =(((COS(($B2-$B13)*PI()/180)*COS(E6*PI()/180)*SIN(T4*PI()/180))+((PI()/180)*T4*SIN(($B2-$B13)*PI()/180)*SIN(E6*PI()/180)))/((COS($B2*PI()/180)*COS(E6*PI()/180)*SIN(E7*PI()/180))+((PI()/180)*E7*SIN($B2*PI()/180)*SIN(E6*PI()/180)))) -> 1.3593966 | F13: =(((COS(($B2-$B13)*PI()/180)*COS(F6*PI()/180)*SIN(U4*PI()/180))+((PI()/180)*U4*SIN(($B2-$B13)*PI()/180)*SIN(F6*PI()/180)))/((COS($B2*PI()/180)*COS(F6*PI()/180)*SIN(F7*PI()/180))+((PI()/180)*F7*SIN($B2*PI()/180)*SIN(F6*PI()/180)))) -> 1.2276564 | G13: =(((COS(($B2-$B13)*PI()/180)*COS(G6*PI()/180)*SIN(V4*PI()/180))+((PI()/180)*V4*SIN(($B2-$B13)*PI()/180)*SIN(G6*PI()/180)))/((COS($B2*PI()/180)*COS(G6*PI()/180)*SIN(G7*PI()/180))+((PI()/180)*G7*SIN($B2*PI()/180)*SIN(G6*PI()/180)))) -> 1.1294418 | H13: =(((COS(($B2-$B13)*PI()/180)*COS(H6*PI()/180)*SIN(W4*PI()/180))+((PI()/180)*W4*SIN(($B2-$B13)*PI()/180)*SIN(H6*PI()/180)))/((COS($B2*PI()/180)*COS(H6*PI()/180)*SIN(H7*PI()/180))+((PI()/180)*H7*SIN($B2*PI()/180)*SIN(H6*PI()/180)))) -> 1.0603958 | I13: =(((COS(($B2-$B13)*PI()/180)*COS(I6*PI()/180)*SIN(X4*PI()/180))+((PI()/180)*X4*SIN(($B2-$B13)*PI()/180)*SIN(I6*PI()/180)))/((COS($B2*PI()/180)*COS(I6*PI()/180)*SIN(I7*PI()/180))+((PI()/180)*I7*SIN($B2*PI()/180)*SIN(I6*PI()/180)))) -> 1.0197875 | J13: =(((COS(($B2-$B13)*PI()/180)*COS(J6*PI()/180)*SIN(Y4*PI()/180))+((PI()/180)*Y4*SIN(($B2-$B13)*PI()/180)*SIN(J6*PI()/180)))/((COS($B2*PI()/180)*COS(J6*PI()/180)*SIN(J7*PI()/180))+((PI()/180)*J7*SIN($B2*PI()/180)*SIN(J6*PI()/180)))) -> 1.0032817 | K13: =(((COS(($B2-$B13)*PI()/180)*COS(K6*PI()/180)*SIN(Z4*PI()/180))+((PI()/180)*Z4*SIN(($B2-$B13)*PI()/180)*SIN(K6*PI()/180)))/((COS($B2*PI()/180)*COS(K6*PI()/180)*SIN(K7*PI()/180))+((PI()/180)*K7*SIN($B2*PI()/180)*SIN(K6*PI()/180)))) -> 1.0104857 | L13: =(((COS(($B2-$B13)*PI()/180)*COS(L6*PI()/180)*SIN(AA4*PI()/180))+((PI()/180)*AA4*SIN(($B2-$B13)*PI()/180)*SIN(L6*PI()/180)))/((COS($B2*PI()/180)*COS(L6*PI()/180)*SIN(L7*PI()/180))+((PI()/180)*L7*SIN($B2*PI()/180)*SIN(L6*PI()/180)))) -> 1.0419085 | ... P13: =(((COS(($B2-$B13)*PI()/180)*COS(P6*PI()/180)*SIN(AE4*PI()/180))+((PI()/180)*AE4*SIN(($B2-$B13)*PI()/180)*SIN(P6*PI()/180)))/((COS($B2*PI()/180)*COS(P6*PI()/180)*SIN(P7*PI()/180))+((PI()/180)*P7*SIN($B2*PI()/180)*SIN(P6*PI()/180)))) -> 1.4126105 | S13: =$A$12&TEXT(B22," - ")&B22 -> Beta - 33 | T13: =MIN(DEGREES(ACOS((-TAN($B2*PI()/180))*TAN(E6*PI()/180))),DEGREES(ACOS((-TAN(($B2-$B22)*PI()/180))*TAN(E6*PI()/180)))) -> 64.357072 | U13: =MIN(DEGREES(ACOS((-TAN($B2*PI()/180))*TAN(F6*PI()/180))),DEGREES(ACOS((-TAN(($B2-$B22)*PI()/180))*TAN(F6*PI()/180)))) -> 74.902424 | V13: =MIN(DEGREES(ACOS((-TAN($B2*PI()/180))*TAN(G6*PI()/180))),DEGREES(ACOS((-TAN(($B2-$B22)*PI()/180))*TAN(G6*PI()/180)))) -> 87.259767 | W13: =MIN(DEGREES(ACOS((-TAN($B2*PI()/180))*TAN(H6*PI()/180))),DEGREES(ACOS((-TAN(($B2-$B22)*PI()/180))*TAN(H6*PI()/180)))) -> 92.644607 | X13: =MIN(DEGREES(ACOS((-TAN($B2*PI()/180))*TAN(I6*PI()/180))),DEGREES(ACOS((-TAN(($B2-$B22)*PI()/180))*TAN(I6*PI()/180)))) -> 95.4332 | Y13: =MIN(DEGREES(ACOS((-TAN($B2*PI()/180))*TAN(J6*PI()/180))),DEGREES(ACOS((-TAN(($B2-$B22)*PI()/180))*TAN(J6*PI()/180)))) -> 96.811832 | Z13: =MIN(DEGREES(ACOS((-TAN($B2*PI()/180))*TAN(K6*PI()/180))),DEGREES(ACOS((-TAN(($B2-$B22)*PI()/180))*TAN(K6*PI()/180)))) -> 96.190851 | AA13: =MIN(DEGREES(ACOS((-TAN($B2*PI()/180))*TAN(L6*PI()/180))),DEGREES(ACOS((-TAN(($B2-$B22)*PI()/180))*TAN(L6*PI()/180)))) -> 93.817238 | ... AE13: =MIN(DEGREES(ACOS((-TAN($B2*PI()/180))*TAN(P6*PI()/180))),DEGREES(ACOS((-TAN(($B2-$B22)*PI()/180))*TAN(P6*PI()/180)))) -> 61.198025
B14: =B13+3 -> 9 | D14: ="RbBar at Beta = "&B14 -> RbBar at Beta = 9 | E14: =(((COS(($B2-$B14)*PI()/180)*COS(E6*PI()/180)*SIN(T5*PI()/180))+((PI()/180)*T5*SIN(($B2-$B14)*PI()/180)*SIN(E6*PI()/180)))/((COS($B2*PI()/180)*COS(E6*PI()/180)*SIN(E7*PI()/180))+((PI()/180)*E7*SIN($B2*PI()/180)*SIN(E6*PI()/180)))) -> 1.53375 | F14: =(((COS(($B2-$B14)*PI()/180)*COS(F6*PI()/180)*SIN(U5*PI()/180))+((PI()/180)*U5*SIN(($B2-$B14)*PI()/180)*SIN(F6*PI()/180)))/((COS($B2*PI()/180)*COS(F6*PI()/180)*SIN(F7*PI()/180))+((PI()/180)*F7*SIN($B2*PI()/180)*SIN(F6*PI()/180)))) -> 1.3365912 | G14: =(((COS(($B2-$B14)*PI()/180)*COS(G6*PI()/180)*SIN(V5*PI()/180))+((PI()/180)*V5*SIN(($B2-$B14)*PI()/180)*SIN(G6*PI()/180)))/((COS($B2*PI()/180)*COS(G6*PI()/180)*SIN(G7*PI()/180))+((PI()/180)*G7*SIN($B2*PI()/180)*SIN(G6*PI()/180)))) -> 1.1896058 | H14: =(((COS(($B2-$B14)*PI()/180)*COS(H6*PI()/180)*SIN(W5*PI()/180))+((PI()/180)*W5*SIN(($B2-$B14)*PI()/180)*SIN(H6*PI()/180)))/((COS($B2*PI()/180)*COS(H6*PI()/180)*SIN(H7*PI()/180))+((PI()/180)*H7*SIN($B2*PI()/180)*SIN(H6*PI()/180)))) -> 1.0866224 | I14: =(((COS(($B2-$B14)*PI()/180)*COS(I6*PI()/180)*SIN(X5*PI()/180))+((PI()/180)*X5*SIN(($B2-$B14)*PI()/180)*SIN(I6*PI()/180)))/((COS($B2*PI()/180)*COS(I6*PI()/180)*SIN(I7*PI()/180))+((PI()/180)*I7*SIN($B2*PI()/180)*SIN(I6*PI()/180)))) -> 1.0266993 | J14: =(((COS(($B2-$B14)*PI()/180)*COS(J6*PI()/180)*SIN(Y5*PI()/180))+((PI()/180)*Y5*SIN(($B2-$B14)*PI()/180)*SIN(J6*PI()/180)))/((COS($B2*PI()/180)*COS(J6*PI()/180)*SIN(J7*PI()/180))+((PI()/180)*J7*SIN($B2*PI()/180)*SIN(J6*PI()/180)))) -> 1.0025435 | K14: =(((COS(($B2-$B14)*PI()/180)*COS(K6*PI()/180)*SIN(Z5*PI()/180))+((PI()/180)*Z5*SIN(($B2-$B14)*PI()/180)*SIN(K6*PI()/180)))/((COS($B2*PI()/180)*COS(K6*PI()/180)*SIN(K7*PI()/180))+((PI()/180)*K7*SIN($B2*PI()/180)*SIN(K6*PI()/180)))) -> 1.0130687 | L14: =(((COS(($B2-$B14)*PI()/180)*COS(L6*PI()/180)*SIN(AA5*PI()/180))+((PI()/180)*AA5*SIN(($B2-$B14)*PI()/180)*SIN(L6*PI()/180)))/((COS($B2*PI()/180)*COS(L6*PI()/180)*SIN(L7*PI()/180))+((PI()/180)*L7*SIN($B2*PI()/180)*SIN(L6*PI()/180)))) -> 1.0592673 | ... P14: =(((COS(($B2-$B14)*PI()/180)*COS(P6*PI()/180)*SIN(AE5*PI()/180))+((PI()/180)*AE5*SIN(($B2-$B14)*PI()/180)*SIN(P6*PI()/180)))/((COS($B2*PI()/180)*COS(P6*PI()/180)*SIN(P7*PI()/180))+((PI()/180)*P7*SIN($B2*PI()/180)*SIN(P6*PI()/180)))) -> 1.6133884 | S14: =$A$12&TEXT(B23," - ")&B23 -> Beta - 36 | T14: =MIN(DEGREES(ACOS((-TAN($B2*PI()/180))*TAN(E6*PI()/180))),DEGREES(ACOS((-TAN(($B2-$B23)*PI()/180))*TAN(E6*PI()/180)))) -> 64.357072 | U14: =MIN(DEGREES(ACOS((-TAN($B2*PI()/180))*TAN(F6*PI()/180))),DEGREES(ACOS((-TAN(($B2-$B23)*PI()/180))*TAN(F6*PI()/180)))) -> 74.902424 | V14: =MIN(DEGREES(ACOS((-TAN($B2*PI()/180))*TAN(G6*PI()/180))),DEGREES(ACOS((-TAN(($B2-$B23)*PI()/180))*TAN(G6*PI()/180)))) -> 87.259767 | W14: =MIN(DEGREES(ACOS((-TAN($B2*PI()/180))*TAN(H6*PI()/180))),DEGREES(ACOS((-TAN(($B2-$B23)*PI()/180))*TAN(H6*PI()/180)))) -> 92.115403 | X14: =MIN(DEGREES(ACOS((-TAN($B2*PI()/180))*TAN(I6*PI()/180))),DEGREES(ACOS((-TAN(($B2-$B23)*PI()/180))*TAN(I6*PI()/180)))) -> 94.344186 | Y14: =MIN(DEGREES(ACOS((-TAN($B2*PI()/180))*TAN(J6*PI()/180))),DEGREES(ACOS((-TAN(($B2-$B23)*PI()/180))*TAN(J6*PI()/180)))) -> 95.444798 | Z14: =MIN(DEGREES(ACOS((-TAN($B2*PI()/180))*TAN(K6*PI()/180))),DEGREES(ACOS((-TAN(($B2-$B23)*PI()/180))*TAN(K6*PI()/180)))) -> 94.949174 | AA14: =MIN(DEGREES(ACOS((-TAN($B2*PI()/180))*TAN(L6*PI()/180))),DEGREES(ACOS((-TAN(($B2-$B23)*PI()/180))*TAN(L6*PI()/180)))) -> 93.052959 | ... AE14: =MIN(DEGREES(ACOS((-TAN($B2*PI()/180))*TAN(P6*PI()/180))),DEGREES(ACOS((-TAN(($B2-$B23)*PI()/180))*TAN(P6*PI()/180)))) -> 61.198025
B15: =B14+3 -> 12 | D15: ="RbBar at Beta = "&B15 -> RbBar at Beta = 12 | E15: =(((COS(($B2-$B15)*PI()/180)*COS(E6*PI()/180)*SIN(T6*PI()/180))+((PI()/180)*T6*SIN(($B2-$B15)*PI()/180)*SIN(E6*PI()/180)))/((COS($B2*PI()/180)*COS(E6*PI()/180)*SIN(E7*PI()/180))+((PI()/180)*E7*SIN($B2*PI()/180)*SIN(E6*PI()/180)))) -> 1.7038994 | F15: =(((COS(($B2-$B15)*PI()/180)*COS(F6*PI()/180)*SIN(U6*PI()/180))+((PI()/180)*U6*SIN(($B2-$B15)*PI()/180)*SIN(F6*PI()/180)))/((COS($B2*PI()/180)*COS(F6*PI()/180)*SIN(F7*PI()/180))+((PI()/180)*F7*SIN($B2*PI()/180)*SIN(F6*PI()/180)))) -> 1.4418624 | G15: =(((COS(($B2-$B15)*PI()/180)*COS(G6*PI()/180)*SIN(V6*PI()/180))+((PI()/180)*V6*SIN(($B2-$B15)*PI()/180)*SIN(G6*PI()/180)))/((COS($B2*PI()/180)*COS(G6*PI()/180)*SIN(G7*PI()/180))+((PI()/180)*G7*SIN($B2*PI()/180)*SIN(G6*PI()/180)))) -> 1.2465092 | H15: =(((COS(($B2-$B15)*PI()/180)*COS(H6*PI()/180)*SIN(W6*PI()/180))+((PI()/180)*W6*SIN(($B2-$B15)*PI()/180)*SIN(H6*PI()/180)))/((COS($B2*PI()/180)*COS(H6*PI()/180)*SIN(H7*PI()/180))+((PI()/180)*H7*SIN($B2*PI()/180)*SIN(H6*PI()/180)))) -> 1.1100621 | I15: =(((COS(($B2-$B15)*PI()/180)*COS(I6*PI()/180)*SIN(X6*PI()/180))+((PI()/180)*X6*SIN(($B2-$B15)*PI()/180)*SIN(I6*PI()/180)))/((COS($B2*PI()/180)*COS(I6*PI()/180)*SIN(I7*PI()/180))+((PI()/180)*I7*SIN($B2*PI()/180)*SIN(I6*PI()/180)))) -> 1.0314474 | J15: =(((COS(($B2-$B15)*PI()/180)*COS(J6*PI()/180)*SIN(Y6*PI()/180))+((PI()/180)*Y6*SIN(($B2-$B15)*PI()/180)*SIN(J6*PI()/180)))/((COS($B2*PI()/180)*COS(J6*PI()/180)*SIN(J7*PI()/180))+((PI()/180)*J7*SIN($B2*PI()/180)*SIN(J6*PI()/180)))) -> 0.99999431 | K15: =(((COS(($B2-$B15)*PI()/180)*COS(K6*PI()/180)*SIN(Z6*PI()/180))+((PI()/180)*Z6*SIN(($B2-$B15)*PI()/180)*SIN(K6*PI()/180)))/((COS($B2*PI()/180)*COS(K6*PI()/180)*SIN(K7*PI()/180))+((PI()/180)*K7*SIN($B2*PI()/180)*SIN(K6*PI()/180)))) -> 1.0136786 | L15: =(((COS(($B2-$B15)*PI()/180)*COS(L6*PI()/180)*SIN(AA6*PI()/180))+((PI()/180)*AA6*SIN(($B2-$B15)*PI()/180)*SIN(L6*PI()/180)))/((COS($B2*PI()/180)*COS(L6*PI()/180)*SIN(L7*PI()/180))+((PI()/180)*L7*SIN($B2*PI()/180)*SIN(L6*PI()/180)))) -> 1.0740843 | ... P15: =(((COS(($B2-$B15)*PI()/180)*COS(P6*PI()/180)*SIN(AE6*PI()/180))+((PI()/180)*AE6*SIN(($B2-$B15)*PI()/180)*SIN(P6*PI()/180)))/((COS($B2*PI()/180)*COS(P6*PI()/180)*SIN(P7*PI()/180))+((PI()/180)*P7*SIN($B2*PI()/180)*SIN(P6*PI()/180)))) -> 1.8097441 | S15: =$A$12&TEXT(B24," - ")&B24 -> Beta - 39 | T15: =MIN(DEGREES(ACOS((-TAN($B2*PI()/180))*TAN(E6*PI()/180))),DEGREES(ACOS((-TAN(($B2-$B24)*PI()/180))*TAN(E6*PI()/180)))) -> 64.357072 | U15: =MIN(DEGREES(ACOS((-TAN($B2*PI()/180))*TAN(F6*PI()/180))),DEGREES(ACOS((-TAN(($B2-$B24)*PI()/180))*TAN(F6*PI()/180)))) -> 74.902424 | V15: =MIN(DEGREES(ACOS((-TAN($B2*PI()/180))*TAN(G6*PI()/180))),DEGREES(ACOS((-TAN(($B2-$B24)*PI()/180))*TAN(G6*PI()/180)))) -> 87.259767 | W15: =MIN(DEGREES(ACOS((-TAN($B2*PI()/180))*TAN(H6*PI()/180))),DEGREES(ACOS((-TAN(($B2-$B24)*PI()/180))*TAN(H6*PI()/180)))) -> 91.59858 | X15: =MIN(DEGREES(ACOS((-TAN($B2*PI()/180))*TAN(I6*PI()/180))),DEGREES(ACOS((-TAN(($B2-$B24)*PI()/180))*TAN(I6*PI()/180)))) -> 93.281808 | Y15: =MIN(DEGREES(ACOS((-TAN($B2*PI()/180))*TAN(J6*PI()/180))),DEGREES(ACOS((-TAN(($B2-$B24)*PI()/180))*TAN(J6*PI()/180)))) -> 94.112295 | Z15: =MIN(DEGREES(ACOS((-TAN($B2*PI()/180))*TAN(K6*PI()/180))),DEGREES(ACOS((-TAN(($B2-$B24)*PI()/180))*TAN(K6*PI()/180)))) -> 93.738386 | AA15: =MIN(DEGREES(ACOS((-TAN($B2*PI()/180))*TAN(L6*PI()/180))),DEGREES(ACOS((-TAN(($B2-$B24)*PI()/180))*TAN(L6*PI()/180)))) -> 92.306833 | ... AE15: =MIN(DEGREES(ACOS((-TAN($B2*PI()/180))*TAN(P6*PI()/180))),DEGREES(ACOS((-TAN(($B2-$B24)*PI()/180))*TAN(P6*PI()/180)))) -> 61.198025
B16: =B15+3 -> 15 | D16: ="RbBar at Beta = "&B16 -> RbBar at Beta = 15 | E16: =(((COS(($B2-$B16)*PI()/180)*COS(E6*PI()/180)*SIN(T7*PI()/180))+((PI()/180)*T7*SIN(($B2-$B16)*PI()/180)*SIN(E6*PI()/180)))/((COS($B2*PI()/180)*COS(E6*PI()/180)*SIN(E7*PI()/180))+((PI()/180)*E7*SIN($B2*PI()/180)*SIN(E6*PI()/180)))) -> 1.8693786 | F16: =(((COS(($B2-$B16)*PI()/180)*COS(F6*PI()/180)*SIN(U7*PI()/180))+((PI()/180)*U7*SIN(($B2-$B16)*PI()/180)*SIN(F6*PI()/180)))/((COS($B2*PI()/180)*COS(F6*PI()/180)*SIN(F7*PI()/180))+((PI()/180)*F7*SIN($B2*PI()/180)*SIN(F6*PI()/180)))) -> 1.5431816 | G16: =(((COS(($B2-$B16)*PI()/180)*COS(G6*PI()/180)*SIN(V7*PI()/180))+((PI()/180)*V7*SIN(($B2-$B16)*PI()/180)*SIN(G6*PI()/180)))/((COS($B2*PI()/180)*COS(G6*PI()/180)*SIN(G7*PI()/180))+((PI()/180)*G7*SIN($B2*PI()/180)*SIN(G6*PI()/180)))) -> 1.299996 | H16: =(((COS(($B2-$B16)*PI()/180)*COS(H6*PI()/180)*SIN(W7*PI()/180))+((PI()/180)*W7*SIN(($B2-$B16)*PI()/180)*SIN(H6*PI()/180)))/((COS($B2*PI()/180)*COS(H6*PI()/180)*SIN(H7*PI()/180))+((PI()/180)*H7*SIN($B2*PI()/180)*SIN(H6*PI()/180)))) -> 1.1306281 | I16: =(((COS(($B2-$B16)*PI()/180)*COS(I6*PI()/180)*SIN(X7*PI()/180))+((PI()/180)*X7*SIN(($B2-$B16)*PI()/180)*SIN(I6*PI()/180)))/((COS($B2*PI()/180)*COS(I6*PI()/180)*SIN(I7*PI()/180))+((PI()/180)*I7*SIN($B2*PI()/180)*SIN(I6*PI()/180)))) -> 1.0339384 | J16: =(((COS(($B2-$B16)*PI()/180)*COS(J6*PI()/180)*SIN(Y7*PI()/180))+((PI()/180)*Y7*SIN(($B2-$B16)*PI()/180)*SIN(J6*PI()/180)))/((COS($B2*PI()/180)*COS(J6*PI()/180)*SIN(J7*PI()/180))+((PI()/180)*J7*SIN($B2*PI()/180)*SIN(J6*PI()/180)))) -> 0.99552122 | K16: =(((COS(($B2-$B16)*PI()/180)*COS(K6*PI()/180)*SIN(Z7*PI()/180))+((PI()/180)*Z7*SIN(($B2-$B16)*PI()/180)*SIN(K6*PI()/180)))/((COS($B2*PI()/180)*COS(K6*PI()/180)*SIN(K7*PI()/180))+((PI()/180)*K7*SIN($B2*PI()/180)*SIN(K6*PI()/180)))) -> 1.0122126 | L16: =(((COS(($B2-$B16)*PI()/180)*COS(L6*PI()/180)*SIN(AA7*PI()/180))+((PI()/180)*AA7*SIN(($B2-$B16)*PI()/180)*SIN(L6*PI()/180)))/((COS($B2*PI()/180)*COS(L6*PI()/180)*SIN(L7*PI()/180))+((PI()/180)*L7*SIN($B2*PI()/180)*SIN(L6*PI()/180)))) -> 1.0862757 | ... P16: =(((COS(($B2-$B16)*PI()/180)*COS(P6*PI()/180)*SIN(AE7*PI()/180))+((PI()/180)*AE7*SIN(($B2-$B16)*PI()/180)*SIN(P6*PI()/180)))/((COS($B2*PI()/180)*COS(P6*PI()/180)*SIN(P7*PI()/180))+((PI()/180)*P7*SIN($B2*PI()/180)*SIN(P6*PI()/180)))) -> 2.0011395 | S16: =$A$12&TEXT(B25," - ")&B25 -> Beta - 42 | T16: =MIN(DEGREES(ACOS((-TAN($B2*PI()/180))*TAN(E6*PI()/180))),DEGREES(ACOS((-TAN(($B2-$B25)*PI()/180))*TAN(E6*PI()/180)))) -> 64.357072 | U16: =MIN(DEGREES(ACOS((-TAN($B2*PI()/180))*TAN(F6*PI()/180))),DEGREES(ACOS((-TAN(($B2-$B25)*PI()/180))*TAN(F6*PI()/180)))) -> 74.902424 | V16: =MIN(DEGREES(ACOS((-TAN($B2*PI()/180))*TAN(G6*PI()/180))),DEGREES(ACOS((-TAN(($B2-$B25)*PI()/180))*TAN(G6*PI()/180)))) -> 87.259767 | W16: =MIN(DEGREES(ACOS((-TAN($B2*PI()/180))*TAN(H6*PI()/180))),DEGREES(ACOS((-TAN(($B2-$B25)*PI()/180))*TAN(H6*PI()/180)))) -> 91.090917 | X16: =MIN(DEGREES(ACOS((-TAN($B2*PI()/180))*TAN(I6*PI()/180))),DEGREES(ACOS((-TAN(($B2-$B25)*PI()/180))*TAN(I6*PI()/180)))) -> 92.239101 | Y16: =MIN(DEGREES(ACOS((-TAN($B2*PI()/180))*TAN(J6*PI()/180))),DEGREES(ACOS((-TAN(($B2-$B25)*PI()/180))*TAN(J6*PI()/180)))) -> 92.805255 | Z16: =MIN(DEGREES(ACOS((-TAN($B2*PI()/180))*TAN(K6*PI()/180))),DEGREES(ACOS((-TAN(($B2-$B25)*PI()/180))*TAN(K6*PI()/180)))) -> 92.550392 | AA16: =MIN(DEGREES(ACOS((-TAN($B2*PI()/180))*TAN(L6*PI()/180))),DEGREES(ACOS((-TAN(($B2-$B25)*PI()/180))*TAN(L6*PI()/180)))) -> 91.574132 | ... AE16: =MIN(DEGREES(ACOS((-TAN($B2*PI()/180))*TAN(P6*PI()/180))),DEGREES(ACOS((-TAN(($B2-$B25)*PI()/180))*TAN(P6*PI()/180)))) -> 61.198025
B17: =B16+3 -> 18 | D17: ="RbBar at Beta = "&B17 -> RbBar at Beta = 18 | E17: =(((COS(($B2-$B17)*PI()/180)*COS(E6*PI()/180)*SIN(T8*PI()/180))+((PI()/180)*T8*SIN(($B2-$B17)*PI()/180)*SIN(E6*PI()/180)))/((COS($B2*PI()/180)*COS(E6*PI()/180)*SIN(E7*PI()/180))+((PI()/180)*E7*SIN($B2*PI()/180)*SIN(E6*PI()/180)))) -> 2.0297339 | F17: =(((COS(($B2-$B17)*PI()/180)*COS(F6*PI()/180)*SIN(U8*PI()/180))+((PI()/180)*U8*SIN(($B2-$B17)*PI()/180)*SIN(F6*PI()/180)))/((COS($B2*PI()/180)*COS(F6*PI()/180)*SIN(F7*PI()/180))+((PI()/180)*F7*SIN($B2*PI()/180)*SIN(F6*PI()/180)))) -> 1.640271 | G17: =(((COS(($B2-$B17)*PI()/180)*COS(G6*PI()/180)*SIN(V8*PI()/180))+((PI()/180)*V8*SIN(($B2-$B17)*PI()/180)*SIN(G6*PI()/180)))/((COS($B2*PI()/180)*COS(G6*PI()/180)*SIN(G7*PI()/180))+((PI()/180)*G7*SIN($B2*PI()/180)*SIN(G6*PI()/180)))) -> 1.3499196 | H17: =(((COS(($B2-$B17)*PI()/180)*COS(H6*PI()/180)*SIN(W8*PI()/180))+((PI()/180)*W8*SIN(($B2-$B17)*PI()/180)*SIN(H6*PI()/180)))/((COS($B2*PI()/180)*COS(H6*PI()/180)*SIN(H7*PI()/180))+((PI()/180)*H7*SIN($B2*PI()/180)*SIN(H6*PI()/180)))) -> 1.1482463 | I17: =(((COS(($B2-$B17)*PI()/180)*COS(I6*PI()/180)*SIN(X8*PI()/180))+((PI()/180)*X8*SIN(($B2-$B17)*PI()/180)*SIN(I6*PI()/180)))/((COS($B2*PI()/180)*COS(I6*PI()/180)*SIN(I7*PI()/180))+((PI()/180)*I7*SIN($B2*PI()/180)*SIN(I6*PI()/180)))) -> 1.0341025 | J17: =(((COS(($B2-$B17)*PI()/180)*COS(J6*PI()/180)*SIN(Y8*PI()/180))+((PI()/180)*Y8*SIN(($B2-$B17)*PI()/180)*SIN(J6*PI()/180)))/((COS($B2*PI()/180)*COS(J6*PI()/180)*SIN(J7*PI()/180))+((PI()/180)*J7*SIN($B2*PI()/180)*SIN(J6*PI()/180)))) -> 0.98904292 | K17: =(((COS(($B2-$B17)*PI()/180)*COS(K6*PI()/180)*SIN(Z8*PI()/180))+((PI()/180)*Z8*SIN(($B2-$B17)*PI()/180)*SIN(K6*PI()/180)))/((COS($B2*PI()/180)*COS(K6*PI()/180)*SIN(K7*PI()/180))+((PI()/180)*K7*SIN($B2*PI()/180)*SIN(K6*PI()/180)))) -> 1.0085956 | L17: =(((COS(($B2-$B17)*PI()/180)*COS(L6*PI()/180)*SIN(AA8*PI()/180))+((PI()/180)*AA8*SIN(($B2-$B17)*PI()/180)*SIN(L6*PI()/180)))/((COS($B2*PI()/180)*COS(L6*PI()/180)*SIN(L7*PI()/180))+((PI()/180)*L7*SIN($B2*PI()/180)*SIN(L6*PI()/180)))) -> 1.0957738 | ... P17: =(((COS(($B2-$B17)*PI()/180)*COS(P6*PI()/180)*SIN(AE8*PI()/180))+((PI()/180)*AE8*SIN(($B2-$B17)*PI()/180)*SIN(P6*PI()/180)))/((COS($B2*PI()/180)*COS(P6*PI()/180)*SIN(P7*PI()/180))+((PI()/180)*P7*SIN($B2*PI()/180)*SIN(P6*PI()/180)))) -> 2.1870499 | S17: =$A$12&TEXT(B26," - ")&B26 -> Beta - 45 | T17: =MIN(DEGREES(ACOS((-TAN($B2*PI()/180))*TAN(E6*PI()/180))),DEGREES(ACOS((-TAN(($B2-$B26)*PI()/180))*TAN(E6*PI()/180)))) -> 64.357072 | U17: =MIN(DEGREES(ACOS((-TAN($B2*PI()/180))*TAN(F6*PI()/180))),DEGREES(ACOS((-TAN(($B2-$B26)*PI()/180))*TAN(F6*PI()/180)))) -> 74.902424 | V17: =MIN(DEGREES(ACOS((-TAN($B2*PI()/180))*TAN(G6*PI()/180))),DEGREES(ACOS((-TAN(($B2-$B26)*PI()/180))*TAN(G6*PI()/180)))) -> 87.259767 | W17: =MIN(DEGREES(ACOS((-TAN($B2*PI()/180))*TAN(H6*PI()/180))),DEGREES(ACOS((-TAN(($B2-$B26)*PI()/180))*TAN(H6*PI()/180)))) -> 90.589412 | X17: =MIN(DEGREES(ACOS((-TAN($B2*PI()/180))*TAN(I6*PI()/180))),DEGREES(ACOS((-TAN(($B2-$B26)*PI()/180))*TAN(I6*PI()/180)))) -> 91.209598 | Y17: =MIN(DEGREES(ACOS((-TAN($B2*PI()/180))*TAN(J6*PI()/180))),DEGREES(ACOS((-TAN(($B2-$B26)*PI()/180))*TAN(J6*PI()/180)))) -> 91.515288 | Z17: =MIN(DEGREES(ACOS((-TAN($B2*PI()/180))*TAN(K6*PI()/180))),DEGREES(ACOS((-TAN(($B2-$B26)*PI()/180))*TAN(K6*PI()/180)))) -> 91.377688 | AA17: =MIN(DEGREES(ACOS((-TAN($B2*PI()/180))*TAN(L6*PI()/180))),DEGREES(ACOS((-TAN(($B2-$B26)*PI()/180))*TAN(L6*PI()/180)))) -> 90.850448 | ... AE17: =MIN(DEGREES(ACOS((-TAN($B2*PI()/180))*TAN(P6*PI()/180))),DEGREES(ACOS((-TAN(($B2-$B26)*PI()/180))*TAN(P6*PI()/180)))) -> 61.198025
B18: =B17+3 -> 21 | D18: ="RbBar at Beta = "&B18 -> RbBar at Beta = 21 | E18: =(((COS(($B2-$B18)*PI()/180)*COS(E6*PI()/180)*SIN(T9*PI()/180))+((PI()/180)*T9*SIN(($B2-$B18)*PI()/180)*SIN(E6*PI()/180)))/((COS($B2*PI()/180)*COS(E6*PI()/180)*SIN(E7*PI()/180))+((PI()/180)*E7*SIN($B2*PI()/180)*SIN(E6*PI()/180)))) -> 2.1845259 | F18: =(((COS(($B2-$B18)*PI()/180)*COS(F6*PI()/180)*SIN(U9*PI()/180))+((PI()/180)*U9*SIN(($B2-$B18)*PI()/180)*SIN(F6*PI()/180)))/((COS($B2*PI()/180)*COS(F6*PI()/180)*SIN(F7*PI()/180))+((PI()/180)*F7*SIN($B2*PI()/180)*SIN(F6*PI()/180)))) -> 1.7328646 | G18: =(((COS(($B2-$B18)*PI()/180)*COS(G6*PI()/180)*SIN(V9*PI()/180))+((PI()/180)*V9*SIN(($B2-$B18)*PI()/180)*SIN(G6*PI()/180)))/((COS($B2*PI()/180)*COS(G6*PI()/180)*SIN(G7*PI()/180))+((PI()/180)*G7*SIN($B2*PI()/180)*SIN(G6*PI()/180)))) -> 1.3961431 | H18: =(((COS(($B2-$B18)*PI()/180)*COS(H6*PI()/180)*SIN(W9*PI()/180))+((PI()/180)*W9*SIN(($B2-$B18)*PI()/180)*SIN(H6*PI()/180)))/((COS($B2*PI()/180)*COS(H6*PI()/180)*SIN(H7*PI()/180))+((PI()/180)*H7*SIN($B2*PI()/180)*SIN(H6*PI()/180)))) -> 1.1628539 | I18: =(((COS(($B2-$B18)*PI()/180)*COS(I6*PI()/180)*SIN(X9*PI()/180))+((PI()/180)*X9*SIN(($B2-$B18)*PI()/180)*SIN(I6*PI()/180)))/((COS($B2*PI()/180)*COS(I6*PI()/180)*SIN(I7*PI()/180))+((PI()/180)*I7*SIN($B2*PI()/180)*SIN(I6*PI()/180)))) -> 1.031889 | J18: =(((COS(($B2-$B18)*PI()/180)*COS(J6*PI()/180)*SIN(Y9*PI()/180))+((PI()/180)*Y9*SIN(($B2-$B18)*PI()/180)*SIN(J6*PI()/180)))/((COS($B2*PI()/180)*COS(J6*PI()/180)*SIN(J7*PI()/180))+((PI()/180)*J7*SIN($B2*PI()/180)*SIN(J6*PI()/180)))) -> 0.98050333 | K18: =(((COS(($B2-$B18)*PI()/180)*COS(K6*PI()/180)*SIN(Z9*PI()/180))+((PI()/180)*Z9*SIN(($B2-$B18)*PI()/180)*SIN(K6*PI()/180)))/((COS($B2*PI()/180)*COS(K6*PI()/180)*SIN(K7*PI()/180))+((PI()/180)*K7*SIN($B2*PI()/180)*SIN(K6*PI()/180)))) -> 1.0027748 | L18: =(((COS(($B2-$B18)*PI()/180)*COS(L6*PI()/180)*SIN(AA9*PI()/180))+((PI()/180)*AA9*SIN(($B2-$B18)*PI()/180)*SIN(L6*PI()/180)))/((COS($B2*PI()/180)*COS(L6*PI()/180)*SIN(L7*PI()/180))+((PI()/180)*L7*SIN($B2*PI()/180)*SIN(L6*PI()/180)))) -> 1.1025252 | ... P18: =(((COS(($B2-$B18)*PI()/180)*COS(P6*PI()/180)*SIN(AE9*PI()/180))+((PI()/180)*AE9*SIN(($B2-$B18)*PI()/180)*SIN(P6*PI()/180)))/((COS($B2*PI()/180)*COS(P6*PI()/180)*SIN(P7*PI()/180))+((PI()/180)*P7*SIN($B2*PI()/180)*SIN(P6*PI()/180)))) -> 2.3669657 | S18: =$A$12&TEXT(B27," - ")&B27 -> Beta - 48 | T18: =MIN(DEGREES(ACOS((-TAN($B2*PI()/180))*TAN(E6*PI()/180))),DEGREES(ACOS((-TAN(($B2-$B27)*PI()/180))*TAN(E6*PI()/180)))) -> 64.357072 | U18: =MIN(DEGREES(ACOS((-TAN($B2*PI()/180))*TAN(F6*PI()/180))),DEGREES(ACOS((-TAN(($B2-$B27)*PI()/180))*TAN(F6*PI()/180)))) -> 74.902424 | V18: =MIN(DEGREES(ACOS((-TAN($B2*PI()/180))*TAN(G6*PI()/180))),DEGREES(ACOS((-TAN(($B2-$B27)*PI()/180))*TAN(G6*PI()/180)))) -> 87.259767 | W18: =MIN(DEGREES(ACOS((-TAN($B2*PI()/180))*TAN(H6*PI()/180))),DEGREES(ACOS((-TAN(($B2-$B27)*PI()/180))*TAN(H6*PI()/180)))) -> 90.091202 | X18: =MIN(DEGREES(ACOS((-TAN($B2*PI()/180))*TAN(I6*PI()/180))),DEGREES(ACOS((-TAN(($B2-$B27)*PI()/180))*TAN(I6*PI()/180)))) -> 90.187155 | Y18: =MIN(DEGREES(ACOS((-TAN($B2*PI()/180))*TAN(J6*PI()/180))),DEGREES(ACOS((-TAN(($B2-$B27)*PI()/180))*TAN(J6*PI()/180)))) -> 90.234443 | Z18: =MIN(DEGREES(ACOS((-TAN($B2*PI()/180))*TAN(K6*PI()/180))),DEGREES(ACOS((-TAN(($B2-$B27)*PI()/180))*TAN(K6*PI()/180)))) -> 90.213158 | AA18: =MIN(DEGREES(ACOS((-TAN($B2*PI()/180))*TAN(L6*PI()/180))),DEGREES(ACOS((-TAN(($B2-$B27)*PI()/180))*TAN(L6*PI()/180)))) -> 90.13159 | ... AE18: =MIN(DEGREES(ACOS((-TAN($B2*PI()/180))*TAN(P6*PI()/180))),DEGREES(ACOS((-TAN(($B2-$B27)*PI()/180))*TAN(P6*PI()/180)))) -> 61.198025
B19: =B18+3 -> 24 | D19: ="RbBar at Beta = "&B19 -> RbBar at Beta = 24 | E19: =(((COS(($B2-$B19)*PI()/180)*COS(E6*PI()/180)*SIN(T10*PI()/180))+((PI()/180)*T10*SIN(($B2-$B19)*PI()/180)*SIN(E6*PI()/180)))/((COS($B2*PI()/180)*COS(E6*PI()/180)*SIN(E7*PI()/180))+((PI()/180)*E7*SIN($B2*PI()/180)*SIN(E6*PI()/180)))) -> 2.3333302 | F19: =(((COS(($B2-$B19)*PI()/180)*COS(F6*PI()/180)*SIN(U10*PI()/180))+((PI()/180)*U10*SIN(($B2-$B19)*PI()/180)*SIN(F6*PI()/180)))/((COS($B2*PI()/180)*COS(F6*PI()/180)*SIN(F7*PI()/180))+((PI()/180)*F7*SIN($B2*PI()/180)*SIN(F6*PI()/180)))) -> 1.8207085 | G19: =(((COS(($B2-$B19)*PI()/180)*COS(G6*PI()/180)*SIN(V10*PI()/180))+((PI()/180)*V10*SIN(($B2-$B19)*PI()/180)*SIN(G6*PI()/180)))/((COS($B2*PI()/180)*COS(G6*PI()/180)*SIN(G7*PI()/180))+((PI()/180)*G7*SIN($B2*PI()/180)*SIN(G6*PI()/180)))) -> 1.43854 | H19: =(((COS(($B2-$B19)*PI()/180)*COS(H6*PI()/180)*SIN(W10*PI()/180))+((PI()/180)*W10*SIN(($B2-$B19)*PI()/180)*SIN(H6*PI()/180)))/((COS($B2*PI()/180)*COS(H6*PI()/180)*SIN(H7*PI()/180))+((PI()/180)*H7*SIN($B2*PI()/180)*SIN(H6*PI()/180)))) -> 1.1743992 | I19: =(((COS(($B2-$B19)*PI()/180)*COS(I6*PI()/180)*SIN(X10*PI()/180))+((PI()/180)*X10*SIN(($B2-$B19)*PI()/180)*SIN(I6*PI()/180)))/((COS($B2*PI()/180)*COS(I6*PI()/180)*SIN(I7*PI()/180))+((PI()/180)*I7*SIN($B2*PI()/180)*SIN(I6*PI()/180)))) -> 1.0272638 | J19: =(((COS(($B2-$B19)*PI()/180)*COS(J6*PI()/180)*SIN(Y10*PI()/180))+((PI()/180)*Y10*SIN(($B2-$B19)*PI()/180)*SIN(J6*PI()/180)))/((COS($B2*PI()/180)*COS(J6*PI()/180)*SIN(J7*PI()/180))+((PI()/180)*J7*SIN($B2*PI()/180)*SIN(J6*PI()/180)))) -> 0.96986705 | K19: =(((COS(($B2-$B19)*PI()/180)*COS(K6*PI()/180)*SIN(Z10*PI()/180))+((PI()/180)*Z10*SIN(($B2-$B19)*PI()/180)*SIN(K6*PI()/180)))/((COS($B2*PI()/180)*COS(K6*PI()/180)*SIN(K7*PI()/180))+((PI()/180)*K7*SIN($B2*PI()/180)*SIN(K6*PI()/180)))) -> 0.99471609 | L19: =(((COS(($B2-$B19)*PI()/180)*COS(L6*PI()/180)*SIN(AA10*PI()/180))+((PI()/180)*AA10*SIN(($B2-$B19)*PI()/180)*SIN(L6*PI()/180)))/((COS($B2*PI()/180)*COS(L6*PI()/180)*SIN(L7*PI()/180))+((PI()/180)*L7*SIN($B2*PI()/180)*SIN(L6*PI()/180)))) -> 1.1064894 | ... P19: =(((COS(($B2-$B19)*PI()/180)*COS(P6*PI()/180)*SIN(AE10*PI()/180))+((PI()/180)*AE10*SIN(($B2-$B19)*PI()/180)*SIN(P6*PI()/180)))/((COS($B2*PI()/180)*COS(P6*PI()/180)*SIN(P7*PI()/180))+((PI()/180)*P7*SIN($B2*PI()/180)*SIN(P6*PI()/180)))) -> 2.5403938 | S19: =$A$12&TEXT(B28," - ")&B28 -> Beta - 51 | T19: =MIN(DEGREES(ACOS((-TAN($B2*PI()/180))*TAN(E6*PI()/180))),DEGREES(ACOS((-TAN(($B2-$B28)*PI()/180))*TAN(E6*PI()/180)))) -> 64.357072 | U19: =MIN(DEGREES(ACOS((-TAN($B2*PI()/180))*TAN(F6*PI()/180))),DEGREES(ACOS((-TAN(($B2-$B28)*PI()/180))*TAN(F6*PI()/180)))) -> 74.902424 | V19: =MIN(DEGREES(ACOS((-TAN($B2*PI()/180))*TAN(G6*PI()/180))),DEGREES(ACOS((-TAN(($B2-$B28)*PI()/180))*TAN(G6*PI()/180)))) -> 87.259767 | W19: =MIN(DEGREES(ACOS((-TAN($B2*PI()/180))*TAN(H6*PI()/180))),DEGREES(ACOS((-TAN(($B2-$B28)*PI()/180))*TAN(H6*PI()/180)))) -> 89.5935 | X19: =MIN(DEGREES(ACOS((-TAN($B2*PI()/180))*TAN(I6*PI()/180))),DEGREES(ACOS((-TAN(($B2-$B28)*PI()/180))*TAN(I6*PI()/180)))) -> 89.1658 | Y19: =MIN(DEGREES(ACOS((-TAN($B2*PI()/180))*TAN(J6*PI()/180))),DEGREES(ACOS((-TAN(($B2-$B28)*PI()/180))*TAN(J6*PI()/180)))) -> 88.955004 | Z19: =MIN(DEGREES(ACOS((-TAN($B2*PI()/180))*TAN(K6*PI()/180))),DEGREES(ACOS((-TAN(($B2-$B28)*PI()/180))*TAN(K6*PI()/180)))) -> 89.049887 | AA19: =MIN(DEGREES(ACOS((-TAN($B2*PI()/180))*TAN(L6*PI()/180))),DEGREES(ACOS((-TAN(($B2-$B28)*PI()/180))*TAN(L6*PI()/180)))) -> 89.413476 | ... AE19: =MIN(DEGREES(ACOS((-TAN($B2*PI()/180))*TAN(P6*PI()/180))),DEGREES(ACOS((-TAN(($B2-$B28)*PI()/180))*TAN(P6*PI()/180)))) -> 61.198025
B20: =B19+3 -> 27 | D20: ="RbBar at Beta = "&B20 -> RbBar at Beta = 27 | E20: =(((COS(($B2-$B20)*PI()/180)*COS(E6*PI()/180)*SIN(T11*PI()/180))+((PI()/180)*T11*SIN(($B2-$B20)*PI()/180)*SIN(E6*PI()/180)))/((COS($B2*PI()/180)*COS(E6*PI()/180)*SIN(E7*PI()/180))+((PI()/180)*E7*SIN($B2*PI()/180)*SIN(E6*PI()/180)))) -> 2.4757391 | F20: =(((COS(($B2-$B20)*PI()/180)*COS(F6*PI()/180)*SIN(U11*PI()/180))+((PI()/180)*U11*SIN(($B2-$B20)*PI()/180)*SIN(F6*PI()/180)))/((COS($B2*PI()/180)*COS(F6*PI()/180)*SIN(F7*PI()/180))+((PI()/180)*F7*SIN($B2*PI()/180)*SIN(F6*PI()/180)))) -> 1.903562 | G20: =(((COS(($B2-$B20)*PI()/180)*COS(G6*PI()/180)*SIN(V11*PI()/180))+((PI()/180)*V11*SIN(($B2-$B20)*PI()/180)*SIN(G6*PI()/180)))/((COS($B2*PI()/180)*COS(G6*PI()/180)*SIN(G7*PI()/180))+((PI()/180)*G7*SIN($B2*PI()/180)*SIN(G6*PI()/180)))) -> 1.4769938 | H20: =(((COS(($B2-$B20)*PI()/180)*COS(H6*PI()/180)*SIN(W11*PI()/180))+((PI()/180)*W11*SIN(($B2-$B20)*PI()/180)*SIN(H6*PI()/180)))/((COS($B2*PI()/180)*COS(H6*PI()/180)*SIN(H7*PI()/180))+((PI()/180)*H7*SIN($B2*PI()/180)*SIN(H6*PI()/180)))) -> 1.1828414 | I20: =(((COS(($B2-$B20)*PI()/180)*COS(I6*PI()/180)*SIN(X11*PI()/180))+((PI()/180)*X11*SIN(($B2-$B20)*PI()/180)*SIN(I6*PI()/180)))/((COS($B2*PI()/180)*COS(I6*PI()/180)*SIN(I7*PI()/180))+((PI()/180)*I7*SIN($B2*PI()/180)*SIN(I6*PI()/180)))) -> 1.0202072 | J20: =(((COS(($B2-$B20)*PI()/180)*COS(J6*PI()/180)*SIN(Y11*PI()/180))+((PI()/180)*Y11*SIN(($B2-$B20)*PI()/180)*SIN(J6*PI()/180)))/((COS($B2*PI()/180)*COS(J6*PI()/180)*SIN(J7*PI()/180))+((PI()/180)*J7*SIN($B2*PI()/180)*SIN(J6*PI()/180)))) -> 0.95711614 | K20: =(((COS(($B2-$B20)*PI()/180)*COS(K6*PI()/180)*SIN(Z11*PI()/180))+((PI()/180)*Z11*SIN(($B2-$B20)*PI()/180)*SIN(K6*PI()/180)))/((COS($B2*PI()/180)*COS(K6*PI()/180)*SIN(K7*PI()/180))+((PI()/180)*K7*SIN($B2*PI()/180)*SIN(K6*PI()/180)))) -> 0.98440136 | L20: =(((COS(($B2-$B20)*PI()/180)*COS(L6*PI()/180)*SIN(AA11*PI()/180))+((PI()/180)*AA11*SIN(($B2-$B20)*PI()/180)*SIN(L6*PI()/180)))/((COS($B2*PI()/180)*COS(L6*PI()/180)*SIN(L7*PI()/180))+((PI()/180)*L7*SIN($B2*PI()/180)*SIN(L6*PI()/180)))) -> 1.1076376 | ... P20: =(((COS(($B2-$B20)*PI()/180)*COS(P6*PI()/180)*SIN(AE11*PI()/180))+((PI()/180)*AE11*SIN(($B2-$B20)*PI()/180)*SIN(P6*PI()/180)))/((COS($B2*PI()/180)*COS(P6*PI()/180)*SIN(P7*PI()/180))+((PI()/180)*P7*SIN($B2*PI()/180)*SIN(P6*PI()/180)))) -> 2.7068589 | S20: =$A$12&TEXT(B29," - ")&B29 -> Beta - 54 | T20: =MIN(DEGREES(ACOS((-TAN($B2*PI()/180))*TAN(E6*PI()/180))),DEGREES(ACOS((-TAN(($B2-$B29)*PI()/180))*TAN(E6*PI()/180)))) -> 64.357072 | U20: =MIN(DEGREES(ACOS((-TAN($B2*PI()/180))*TAN(F6*PI()/180))),DEGREES(ACOS((-TAN(($B2-$B29)*PI()/180))*TAN(F6*PI()/180)))) -> 74.902424 | V20: =MIN(DEGREES(ACOS((-TAN($B2*PI()/180))*TAN(G6*PI()/180))),DEGREES(ACOS((-TAN(($B2-$B29)*PI()/180))*TAN(G6*PI()/180)))) -> 87.259767 | W20: =MIN(DEGREES(ACOS((-TAN($B2*PI()/180))*TAN(H6*PI()/180))),DEGREES(ACOS((-TAN(($B2-$B29)*PI()/180))*TAN(H6*PI()/180)))) -> 89.09353 | X20: =MIN(DEGREES(ACOS((-TAN($B2*PI()/180))*TAN(I6*PI()/180))),DEGREES(ACOS((-TAN(($B2-$B29)*PI()/180))*TAN(I6*PI()/180)))) -> 88.139586 | Y20: =MIN(DEGREES(ACOS((-TAN($B2*PI()/180))*TAN(J6*PI()/180))),DEGREES(ACOS((-TAN(($B2-$B29)*PI()/180))*TAN(J6*PI()/180)))) -> 87.669287 | Z20: =MIN(DEGREES(ACOS((-TAN($B2*PI()/180))*TAN(K6*PI()/180))),DEGREES(ACOS((-TAN(($B2-$B29)*PI()/180))*TAN(K6*PI()/180)))) -> 87.880992 | AA20: =MIN(DEGREES(ACOS((-TAN($B2*PI()/180))*TAN(L6*PI()/180))),DEGREES(ACOS((-TAN(($B2-$B29)*PI()/180))*TAN(L6*PI()/180)))) -> 88.692041 | ... AE20: =MIN(DEGREES(ACOS((-TAN($B2*PI()/180))*TAN(P6*PI()/180))),DEGREES(ACOS((-TAN(($B2-$B29)*PI()/180))*TAN(P6*PI()/180)))) -> 61.198025
B21: =B20+3 -> 30 | D21: ="RbBar at Beta = "&B21 -> RbBar at Beta = 30 | E21: =(((COS(($B2-$B21)*PI()/180)*COS(E6*PI()/180)*SIN(T12*PI()/180))+((PI()/180)*T12*SIN(($B2-$B21)*PI()/180)*SIN(E6*PI()/180)))/((COS($B2*PI()/180)*COS(E6*PI()/180)*SIN(E7*PI()/180))+((PI()/180)*E7*SIN($B2*PI()/180)*SIN(E6*PI()/180)))) -> 2.6113621 | F21: =(((COS(($B2-$B21)*PI()/180)*COS(F6*PI()/180)*SIN(U12*PI()/180))+((PI()/180)*U12*SIN(($B2-$B21)*PI()/180)*SIN(F6*PI()/180)))/((COS($B2*PI()/180)*COS(F6*PI()/180)*SIN(F7*PI()/180))+((PI()/180)*F7*SIN($B2*PI()/180)*SIN(F6*PI()/180)))) -> 1.9811979 | G21: =(((COS(($B2-$B21)*PI()/180)*COS(G6*PI()/180)*SIN(V12*PI()/180))+((PI()/180)*V12*SIN(($B2-$B21)*PI()/180)*SIN(G6*PI()/180)))/((COS($B2*PI()/180)*COS(G6*PI()/180)*SIN(G7*PI()/180))+((PI()/180)*G7*SIN($B2*PI()/180)*SIN(G6*PI()/180)))) -> 1.5113994 | H21: =(((COS(($B2-$B21)*PI()/180)*COS(H6*PI()/180)*SIN(W12*PI()/180))+((PI()/180)*W12*SIN(($B2-$B21)*PI()/180)*SIN(H6*PI()/180)))/((COS($B2*PI()/180)*COS(H6*PI()/180)*SIN(H7*PI()/180))+((PI()/180)*H7*SIN($B2*PI()/180)*SIN(H6*PI()/180)))) -> 1.1881496 | I21: =(((COS(($B2-$B21)*PI()/180)*COS(I6*PI()/180)*SIN(X12*PI()/180))+((PI()/180)*X12*SIN(($B2-$B21)*PI()/180)*SIN(I6*PI()/180)))/((COS($B2*PI()/180)*COS(I6*PI()/180)*SIN(I7*PI()/180))+((PI()/180)*I7*SIN($B2*PI()/180)*SIN(I6*PI()/180)))) -> 1.0107125 | J21: =(((COS(($B2-$B21)*PI()/180)*COS(J6*PI()/180)*SIN(Y12*PI()/180))+((PI()/180)*Y12*SIN(($B2-$B21)*PI()/180)*SIN(J6*PI()/180)))/((COS($B2*PI()/180)*COS(J6*PI()/180)*SIN(J7*PI()/180))+((PI()/180)*J7*SIN($B2*PI()/180)*SIN(J6*PI()/180)))) -> 0.9422478 | K21: =(((COS(($B2-$B21)*PI()/180)*COS(K6*PI()/180)*SIN(Z12*PI()/180))+((PI()/180)*Z12*SIN(($B2-$B21)*PI()/180)*SIN(K6*PI()/180)))/((COS($B2*PI()/180)*COS(K6*PI()/180)*SIN(K7*PI()/180))+((PI()/180)*K7*SIN($B2*PI()/180)*SIN(K6*PI()/180)))) -> 0.9718266 | L21: =(((COS(($B2-$B21)*PI()/180)*COS(L6*PI()/180)*SIN(AA12*PI()/180))+((PI()/180)*AA12*SIN(($B2-$B21)*PI()/180)*SIN(L6*PI()/180)))/((COS($B2*PI()/180)*COS(L6*PI()/180)*SIN(L7*PI()/180))+((PI()/180)*L7*SIN($B2*PI()/180)*SIN(L6*PI()/180)))) -> 1.1059525 | ... P21: =(((COS(($B2-$B21)*PI()/180)*COS(P6*PI()/180)*SIN(AE12*PI()/180))+((PI()/180)*AE12*SIN(($B2-$B21)*PI()/180)*SIN(P6*PI()/180)))/((COS($B2*PI()/180)*COS(P6*PI()/180)*SIN(P7*PI()/180))+((PI()/180)*P7*SIN($B2*PI()/180)*SIN(P6*PI()/180)))) -> 2.8659046 | S21: =$A$12&TEXT(B30," - ")&B30 -> Beta - 57 | T21: =MIN(DEGREES(ACOS((-TAN($B2*PI()/180))*TAN(E6*PI()/180))),DEGREES(ACOS((-TAN(($B2-$B30)*PI()/180))*TAN(E6*PI()/180)))) -> 64.357072 | U21: =MIN(DEGREES(ACOS((-TAN($B2*PI()/180))*TAN(F6*PI()/180))),DEGREES(ACOS((-TAN(($B2-$B30)*PI()/180))*TAN(F6*PI()/180)))) -> 74.902424 | V21: =MIN(DEGREES(ACOS((-TAN($B2*PI()/180))*TAN(G6*PI()/180))),DEGREES(ACOS((-TAN(($B2-$B30)*PI()/180))*TAN(G6*PI()/180)))) -> 87.259767 | W21: =MIN(DEGREES(ACOS((-TAN($B2*PI()/180))*TAN(H6*PI()/180))),DEGREES(ACOS((-TAN(($B2-$B30)*PI()/180))*TAN(H6*PI()/180)))) -> 88.588464 | X21: =MIN(DEGREES(ACOS((-TAN($B2*PI()/180))*TAN(I6*PI()/180))),DEGREES(ACOS((-TAN(($B2-$B30)*PI()/180))*TAN(I6*PI()/180)))) -> 87.102451 | Y21: =MIN(DEGREES(ACOS((-TAN($B2*PI()/180))*TAN(J6*PI()/180))),DEGREES(ACOS((-TAN(($B2-$B30)*PI()/180))*TAN(J6*PI()/180)))) -> 86.369454 | Z21: =MIN(DEGREES(ACOS((-TAN($B2*PI()/180))*TAN(K6*PI()/180))),DEGREES(ACOS((-TAN(($B2-$B30)*PI()/180))*TAN(K6*PI()/180)))) -> 86.699451 | AA21: =MIN(DEGREES(ACOS((-TAN($B2*PI()/180))*TAN(L6*PI()/180))),DEGREES(ACOS((-TAN(($B2-$B30)*PI()/180))*TAN(L6*PI()/180)))) -> 87.963144 | ... AE21: =MIN(DEGREES(ACOS((-TAN($B2*PI()/180))*TAN(P6*PI()/180))),DEGREES(ACOS((-TAN(($B2-$B30)*PI()/180))*TAN(P6*PI()/180)))) -> 61.198025
B22: =B21+3 -> 33 | D22: ="RbBar at Beta = "&B22 -> RbBar at Beta = 33 | E22: =(((COS(($B2-$B22)*PI()/180)*COS(E6*PI()/180)*SIN(T13*PI()/180))+((PI()/180)*T13*SIN(($B2-$B22)*PI()/180)*SIN(E6*PI()/180)))/((COS($B2*PI()/180)*COS(E6*PI()/180)*SIN(E7*PI()/180))+((PI()/180)*E7*SIN($B2*PI()/180)*SIN(E6*PI()/180)))) -> 2.7398276 | F22: =(((COS(($B2-$B22)*PI()/180)*COS(F6*PI()/180)*SIN(U13*PI()/180))+((PI()/180)*U13*SIN(($B2-$B22)*PI()/180)*SIN(F6*PI()/180)))/((COS($B2*PI()/180)*COS(F6*PI()/180)*SIN(F7*PI()/180))+((PI()/180)*F7*SIN($B2*PI()/180)*SIN(F6*PI()/180)))) -> 2.0534035 | G22: =(((COS(($B2-$B22)*PI()/180)*COS(G6*PI()/180)*SIN(V13*PI()/180))+((PI()/180)*V13*SIN(($B2-$B22)*PI()/180)*SIN(G6*PI()/180)))/((COS($B2*PI()/180)*COS(G6*PI()/180)*SIN(G7*PI()/180))+((PI()/180)*G7*SIN($B2*PI()/180)*SIN(G6*PI()/180)))) -> 1.5416623 | H22: =(((COS(($B2-$B22)*PI()/180)*COS(H6*PI()/180)*SIN(W13*PI()/180))+((PI()/180)*W13*SIN(($B2-$B22)*PI()/180)*SIN(H6*PI()/180)))/((COS($B2*PI()/180)*COS(H6*PI()/180)*SIN(H7*PI()/180))+((PI()/180)*H7*SIN($B2*PI()/180)*SIN(H6*PI()/180)))) -> 1.1903032 | I22: =(((COS(($B2-$B22)*PI()/180)*COS(I6*PI()/180)*SIN(X13*PI()/180))+((PI()/180)*X13*SIN(($B2-$B22)*PI()/180)*SIN(I6*PI()/180)))/((COS($B2*PI()/180)*COS(I6*PI()/180)*SIN(I7*PI()/180))+((PI()/180)*I7*SIN($B2*PI()/180)*SIN(I6*PI()/180)))) -> 0.99878494 | J22: =(((COS(($B2-$B22)*PI()/180)*COS(J6*PI()/180)*SIN(Y13*PI()/180))+((PI()/180)*Y13*SIN(($B2-$B22)*PI()/180)*SIN(J6*PI()/180)))/((COS($B2*PI()/180)*COS(J6*PI()/180)*SIN(J7*PI()/180))+((PI()/180)*J7*SIN($B2*PI()/180)*SIN(J6*PI()/180)))) -> 0.92527258 | K22: =(((COS(($B2-$B22)*PI()/180)*COS(K6*PI()/180)*SIN(Z13*PI()/180))+((PI()/180)*Z13*SIN(($B2-$B22)*PI()/180)*SIN(K6*PI()/180)))/((COS($B2*PI()/180)*COS(K6*PI()/180)*SIN(K7*PI()/180))+((PI()/180)*K7*SIN($B2*PI()/180)*SIN(K6*PI()/180)))) -> 0.95700043 | L22: =(((COS(($B2-$B22)*PI()/180)*COS(L6*PI()/180)*SIN(AA13*PI()/180))+((PI()/180)*AA13*SIN(($B2-$B22)*PI()/180)*SIN(L6*PI()/180)))/((COS($B2*PI()/180)*COS(L6*PI()/180)*SIN(L7*PI()/180))+((PI()/180)*L7*SIN($B2*PI()/180)*SIN(L6*PI()/180)))) -> 1.1014271 | ... P22: =(((COS(($B2-$B22)*PI()/180)*COS(P6*PI()/180)*SIN(AE13*PI()/180))+((PI()/180)*AE13*SIN(($B2-$B22)*PI()/180)*SIN(P6*PI()/180)))/((COS($B2*PI()/180)*COS(P6*PI()/180)*SIN(P7*PI()/180))+((PI()/180)*P7*SIN($B2*PI()/180)*SIN(P6*PI()/180)))) -> 3.0170952 | S22: =$A$12&TEXT(B31," - ")&B31 -> Beta - 60 | T22: =MIN(DEGREES(ACOS((-TAN($B2*PI()/180))*TAN(E6*PI()/180))),DEGREES(ACOS((-TAN(($B2-$B31)*PI()/180))*TAN(E6*PI()/180)))) -> 64.357072 | U22: =MIN(DEGREES(ACOS((-TAN($B2*PI()/180))*TAN(F6*PI()/180))),DEGREES(ACOS((-TAN(($B2-$B31)*PI()/180))*TAN(F6*PI()/180)))) -> 74.902424 | V22: =MIN(DEGREES(ACOS((-TAN($B2*PI()/180))*TAN(G6*PI()/180))),DEGREES(ACOS((-TAN(($B2-$B31)*PI()/180))*TAN(G6*PI()/180)))) -> 87.259767 | W22: =MIN(DEGREES(ACOS((-TAN($B2*PI()/180))*TAN(H6*PI()/180))),DEGREES(ACOS((-TAN(($B2-$B31)*PI()/180))*TAN(H6*PI()/180)))) -> 88.07536 | X22: =MIN(DEGREES(ACOS((-TAN($B2*PI()/180))*TAN(I6*PI()/180))),DEGREES(ACOS((-TAN(($B2-$B31)*PI()/180))*TAN(I6*PI()/180)))) -> 86.048064 | Y22: =MIN(DEGREES(ACOS((-TAN($B2*PI()/180))*TAN(J6*PI()/180))),DEGREES(ACOS((-TAN(($B2-$B31)*PI()/180))*TAN(J6*PI()/180)))) -> 85.047299 | Z22: =MIN(DEGREES(ACOS((-TAN($B2*PI()/180))*TAN(K6*PI()/180))),DEGREES(ACOS((-TAN(($B2-$B31)*PI()/180))*TAN(K6*PI()/180)))) -> 85.497925 | AA22: =MIN(DEGREES(ACOS((-TAN($B2*PI()/180))*TAN(L6*PI()/180))),DEGREES(ACOS((-TAN(($B2-$B31)*PI()/180))*TAN(L6*PI()/180)))) -> 87.222469 | ... AE22: =MIN(DEGREES(ACOS((-TAN($B2*PI()/180))*TAN(P6*PI()/180))),DEGREES(ACOS((-TAN(($B2-$B31)*PI()/180))*TAN(P6*PI()/180)))) -> 61.198025
B23: =B22+3 -> 36 | D23: ="RbBar at Beta = "&B23 -> RbBar at Beta = 36 | E23: =(((COS(($B2-$B23)*PI()/180)*COS(E6*PI()/180)*SIN(T14*PI()/180))+((PI()/180)*T14*SIN(($B2-$B23)*PI()/180)*SIN(E6*PI()/180)))/((COS($B2*PI()/180)*COS(E6*PI()/180)*SIN(E7*PI()/180))+((PI()/180)*E7*SIN($B2*PI()/180)*SIN(E6*PI()/180)))) -> 2.8607834 | F23: =(((COS(($B2-$B23)*PI()/180)*COS(F6*PI()/180)*SIN(U14*PI()/180))+((PI()/180)*U14*SIN(($B2-$B23)*PI()/180)*SIN(F6*PI()/180)))/((COS($B2*PI()/180)*COS(F6*PI()/180)*SIN(F7*PI()/180))+((PI()/180)*F7*SIN($B2*PI()/180)*SIN(F6*PI()/180)))) -> 2.1199809 | G23: =(((COS(($B2-$B23)*PI()/180)*COS(G6*PI()/180)*SIN(V14*PI()/180))+((PI()/180)*V14*SIN(($B2-$B23)*PI()/180)*SIN(G6*PI()/180)))/((COS($B2*PI()/180)*COS(G6*PI()/180)*SIN(G7*PI()/180))+((PI()/180)*G7*SIN($B2*PI()/180)*SIN(G6*PI()/180)))) -> 1.5676996 | H23: =(((COS(($B2-$B23)*PI()/180)*COS(H6*PI()/180)*SIN(W14*PI()/180))+((PI()/180)*W14*SIN(($B2-$B23)*PI()/180)*SIN(H6*PI()/180)))/((COS($B2*PI()/180)*COS(H6*PI()/180)*SIN(H7*PI()/180))+((PI()/180)*H7*SIN($B2*PI()/180)*SIN(H6*PI()/180)))) -> 1.1892915 | I23: =(((COS(($B2-$B23)*PI()/180)*COS(I6*PI()/180)*SIN(X14*PI()/180))+((PI()/180)*X14*SIN(($B2-$B23)*PI()/180)*SIN(I6*PI()/180)))/((COS($B2*PI()/180)*COS(I6*PI()/180)*SIN(I7*PI()/180))+((PI()/180)*I7*SIN($B2*PI()/180)*SIN(I6*PI()/180)))) -> 0.98444058 | J23: =(((COS(($B2-$B23)*PI()/180)*COS(J6*PI()/180)*SIN(Y14*PI()/180))+((PI()/180)*Y14*SIN(($B2-$B23)*PI()/180)*SIN(J6*PI()/180)))/((COS($B2*PI()/180)*COS(J6*PI()/180)*SIN(J7*PI()/180))+((PI()/180)*J7*SIN($B2*PI()/180)*SIN(J6*PI()/180)))) -> 0.90621311 | K23: =(((COS(($B2-$B23)*PI()/180)*COS(K6*PI()/180)*SIN(Z14*PI()/180))+((PI()/180)*Z14*SIN(($B2-$B23)*PI()/180)*SIN(K6*PI()/180)))/((COS($B2*PI()/180)*COS(K6*PI()/180)*SIN(K7*PI()/180))+((PI()/180)*K7*SIN($B2*PI()/180)*SIN(K6*PI()/180)))) -> 0.93994301 | L23: =(((COS(($B2-$B23)*PI()/180)*COS(L6*PI()/180)*SIN(AA14*PI()/180))+((PI()/180)*AA14*SIN(($B2-$B23)*PI()/180)*SIN(L6*PI()/180)))/((COS($B2*PI()/180)*COS(L6*PI()/180)*SIN(L7*PI()/180))+((PI()/180)*L7*SIN($B2*PI()/180)*SIN(L6*PI()/180)))) -> 1.0940645 | ... P23: =(((COS(($B2-$B23)*PI()/180)*COS(P6*PI()/180)*SIN(AE14*PI()/180))+((PI()/180)*AE14*SIN(($B2-$B23)*PI()/180)*SIN(P6*PI()/180)))/((COS($B2*PI()/180)*COS(P6*PI()/180)*SIN(P7*PI()/180))+((PI()/180)*P7*SIN($B2*PI()/180)*SIN(P6*PI()/180)))) -> 3.160016 | S23: =$A$12&TEXT(B32," - ")&B32 -> Beta - 63 | T23: =MIN(DEGREES(ACOS((-TAN($B2*PI()/180))*TAN(E6*PI()/180))),DEGREES(ACOS((-TAN(($B2-$B32)*PI()/180))*TAN(E6*PI()/180)))) -> 64.357072 | U23: =MIN(DEGREES(ACOS((-TAN($B2*PI()/180))*TAN(F6*PI()/180))),DEGREES(ACOS((-TAN(($B2-$B32)*PI()/180))*TAN(F6*PI()/180)))) -> 74.902424 | V23: =MIN(DEGREES(ACOS((-TAN($B2*PI()/180))*TAN(G6*PI()/180))),DEGREES(ACOS((-TAN(($B2-$B32)*PI()/180))*TAN(G6*PI()/180)))) -> 87.259767 | W23: =MIN(DEGREES(ACOS((-TAN($B2*PI()/180))*TAN(H6*PI()/180))),DEGREES(ACOS((-TAN(($B2-$B32)*PI()/180))*TAN(H6*PI()/180)))) -> 87.551087 | X23: =MIN(DEGREES(ACOS((-TAN($B2*PI()/180))*TAN(I6*PI()/180))),DEGREES(ACOS((-TAN(($B2-$B32)*PI()/180))*TAN(I6*PI()/180)))) -> 84.969665 | Y23: =MIN(DEGREES(ACOS((-TAN($B2*PI()/180))*TAN(J6*PI()/180))),DEGREES(ACOS((-TAN(($B2-$B32)*PI()/180))*TAN(J6*PI()/180)))) -> 83.694033 | Z23: =MIN(DEGREES(ACOS((-TAN($B2*PI()/180))*TAN(K6*PI()/180))),DEGREES(ACOS((-TAN(($B2-$B32)*PI()/180))*TAN(K6*PI()/180)))) -> 84.26856 | AA23: =MIN(DEGREES(ACOS((-TAN($B2*PI()/180))*TAN(L6*PI()/180))),DEGREES(ACOS((-TAN(($B2-$B32)*PI()/180))*TAN(L6*PI()/180)))) -> 86.465421 | ... AE23: =MIN(DEGREES(ACOS((-TAN($B2*PI()/180))*TAN(P6*PI()/180))),DEGREES(ACOS((-TAN(($B2-$B32)*PI()/180))*TAN(P6*PI()/180)))) -> 61.198025
B24: =B23+3 -> 39 | D24: ="RbBar at Beta = "&B24 -> RbBar at Beta = 39 | E24: =(((COS(($B2-$B24)*PI()/180)*COS(E6*PI()/180)*SIN(T15*PI()/180))+((PI()/180)*T15*SIN(($B2-$B24)*PI()/180)*SIN(E6*PI()/180)))/((COS($B2*PI()/180)*COS(E6*PI()/180)*SIN(E7*PI()/180))+((PI()/180)*E7*SIN($B2*PI()/180)*SIN(E6*PI()/180)))) -> 2.9738979 | F24: =(((COS(($B2-$B24)*PI()/180)*COS(F6*PI()/180)*SIN(U15*PI()/180))+((PI()/180)*U15*SIN(($B2-$B24)*PI()/180)*SIN(F6*PI()/180)))/((COS($B2*PI()/180)*COS(F6*PI()/180)*SIN(F7*PI()/180))+((PI()/180)*F7*SIN($B2*PI()/180)*SIN(F6*PI()/180)))) -> 2.1807476 | G24: =(((COS(($B2-$B24)*PI()/180)*COS(G6*PI()/180)*SIN(V15*PI()/180))+((PI()/180)*V15*SIN(($B2-$B24)*PI()/180)*SIN(G6*PI()/180)))/((COS($B2*PI()/180)*COS(G6*PI()/180)*SIN(G7*PI()/180))+((PI()/180)*G7*SIN($B2*PI()/180)*SIN(G6*PI()/180)))) -> 1.58944 | H24: =(((COS(($B2-$B24)*PI()/180)*COS(H6*PI()/180)*SIN(W15*PI()/180))+((PI()/180)*W15*SIN(($B2-$B24)*PI()/180)*SIN(H6*PI()/180)))/((COS($B2*PI()/180)*COS(H6*PI()/180)*SIN(H7*PI()/180))+((PI()/180)*H7*SIN($B2*PI()/180)*SIN(H6*PI()/180)))) -> 1.1851134 | I24: =(((COS(($B2-$B24)*PI()/180)*COS(I6*PI()/180)*SIN(X15*PI()/180))+((PI()/180)*X15*SIN(($B2-$B24)*PI()/180)*SIN(I6*PI()/180)))/((COS($B2*PI()/180)*COS(I6*PI()/180)*SIN(I7*PI()/180))+((PI()/180)*I7*SIN($B2*PI()/180)*SIN(I6*PI()/180)))) -> 0.96770585 | J24: =(((COS(($B2-$B24)*PI()/180)*COS(J6*PI()/180)*SIN(Y15*PI()/180))+((PI()/180)*Y15*SIN(($B2-$B24)*PI()/180)*SIN(J6*PI()/180)))/((COS($B2*PI()/180)*COS(J6*PI()/180)*SIN(J7*PI()/180))+((PI()/180)*J7*SIN($B2*PI()/180)*SIN(J6*PI()/180)))) -> 0.88510305 | K24: =(((COS(($B2-$B24)*PI()/180)*COS(K6*PI()/180)*SIN(Z15*PI()/180))+((PI()/180)*Z15*SIN(($B2-$B24)*PI()/180)*SIN(K6*PI()/180)))/((COS($B2*PI()/180)*COS(K6*PI()/180)*SIN(K7*PI()/180))+((PI()/180)*K7*SIN($B2*PI()/180)*SIN(K6*PI()/180)))) -> 0.92068514 | L24: =(((COS(($B2-$B24)*PI()/180)*COS(L6*PI()/180)*SIN(AA15*PI()/180))+((PI()/180)*AA15*SIN(($B2-$B24)*PI()/180)*SIN(L6*PI()/180)))/((COS($B2*PI()/180)*COS(L6*PI()/180)*SIN(L7*PI()/180))+((PI()/180)*L7*SIN($B2*PI()/180)*SIN(L6*PI()/180)))) -> 1.0838778 | ... P24: =(((COS(($B2-$B24)*PI()/180)*COS(P6*PI()/180)*SIN(AE15*PI()/180))+((PI()/180)*AE15*SIN(($B2-$B24)*PI()/180)*SIN(P6*PI()/180)))/((COS($B2*PI()/180)*COS(P6*PI()/180)*SIN(P7*PI()/180))+((PI()/180)*P7*SIN($B2*PI()/180)*SIN(P6*PI()/180)))) -> 3.2942755 | S24: =$A$12&TEXT(B33," - ")&B33 -> Beta - 66 | T24: =MIN(DEGREES(ACOS((-TAN($B2*PI()/180))*TAN(E6*PI()/180))),DEGREES(ACOS((-TAN(($B2-$B33)*PI()/180))*TAN(E6*PI()/180)))) -> 64.357072 | U24: =MIN(DEGREES(ACOS((-TAN($B2*PI()/180))*TAN(F6*PI()/180))),DEGREES(ACOS((-TAN(($B2-$B33)*PI()/180))*TAN(F6*PI()/180)))) -> 74.902424 | V24: =MIN(DEGREES(ACOS((-TAN($B2*PI()/180))*TAN(G6*PI()/180))),DEGREES(ACOS((-TAN(($B2-$B33)*PI()/180))*TAN(G6*PI()/180)))) -> 87.259767 | W24: =MIN(DEGREES(ACOS((-TAN($B2*PI()/180))*TAN(H6*PI()/180))),DEGREES(ACOS((-TAN(($B2-$B33)*PI()/180))*TAN(H6*PI()/180)))) -> 87.012245 | X24: =MIN(DEGREES(ACOS((-TAN($B2*PI()/180))*TAN(I6*PI()/180))),DEGREES(ACOS((-TAN(($B2-$B33)*PI()/180))*TAN(I6*PI()/180)))) -> 83.859871 | Y24: =MIN(DEGREES(ACOS((-TAN($B2*PI()/180))*TAN(J6*PI()/180))),DEGREES(ACOS((-TAN(($B2-$B33)*PI()/180))*TAN(J6*PI()/180)))) -> 82.300018 | Z24: =MIN(DEGREES(ACOS((-TAN($B2*PI()/180))*TAN(K6*PI()/180))),DEGREES(ACOS((-TAN(($B2-$B33)*PI()/180))*TAN(K6*PI()/180)))) -> 83.002768 | AA24: =MIN(DEGREES(ACOS((-TAN($B2*PI()/180))*TAN(L6*PI()/180))),DEGREES(ACOS((-TAN(($B2-$B33)*PI()/180))*TAN(L6*PI()/180)))) -> 85.687 | ... AE24: =MIN(DEGREES(ACOS((-TAN($B2*PI()/180))*TAN(P6*PI()/180))),DEGREES(ACOS((-TAN(($B2-$B33)*PI()/180))*TAN(P6*PI()/180)))) -> 61.198025
B25: =B24+3 -> 42 | D25: ="RbBar at Beta = "&B25 -> RbBar at Beta = 42 | E25: =(((COS(($B2-$B25)*PI()/180)*COS(E6*PI()/180)*SIN(T16*PI()/180))+((PI()/180)*T16*SIN(($B2-$B25)*PI()/180)*SIN(E6*PI()/180)))/((COS($B2*PI()/180)*COS(E6*PI()/180)*SIN(E7*PI()/180))+((PI()/180)*E7*SIN($B2*PI()/180)*SIN(E6*PI()/180)))) -> 3.0788613 | F25: =(((COS(($B2-$B25)*PI()/180)*COS(F6*PI()/180)*SIN(U16*PI()/180))+((PI()/180)*U16*SIN(($B2-$B25)*PI()/180)*SIN(F6*PI()/180)))/((COS($B2*PI()/180)*COS(F6*PI()/180)*SIN(F7*PI()/180))+((PI()/180)*F7*SIN($B2*PI()/180)*SIN(F6*PI()/180)))) -> 2.235537 | G25: =(((COS(($B2-$B25)*PI()/180)*COS(G6*PI()/180)*SIN(V16*PI()/180))+((PI()/180)*V16*SIN(($B2-$B25)*PI()/180)*SIN(G6*PI()/180)))/((COS($B2*PI()/180)*COS(G6*PI()/180)*SIN(G7*PI()/180))+((PI()/180)*G7*SIN($B2*PI()/180)*SIN(G6*PI()/180)))) -> 1.6068238 | H25: =(((COS(($B2-$B25)*PI()/180)*COS(H6*PI()/180)*SIN(W16*PI()/180))+((PI()/180)*W16*SIN(($B2-$B25)*PI()/180)*SIN(H6*PI()/180)))/((COS($B2*PI()/180)*COS(H6*PI()/180)*SIN(H7*PI()/180))+((PI()/180)*H7*SIN($B2*PI()/180)*SIN(H6*PI()/180)))) -> 1.1777775 | I25: =(((COS(($B2-$B25)*PI()/180)*COS(I6*PI()/180)*SIN(X16*PI()/180))+((PI()/180)*X16*SIN(($B2-$B25)*PI()/180)*SIN(I6*PI()/180)))/((COS($B2*PI()/180)*COS(I6*PI()/180)*SIN(I7*PI()/180))+((PI()/180)*I7*SIN($B2*PI()/180)*SIN(I6*PI()/180)))) -> 0.94861694 | J25: =(((COS(($B2-$B25)*PI()/180)*COS(J6*PI()/180)*SIN(Y16*PI()/180))+((PI()/180)*Y16*SIN(($B2-$B25)*PI()/180)*SIN(J6*PI()/180)))/((COS($B2*PI()/180)*COS(J6*PI()/180)*SIN(J7*PI()/180))+((PI()/180)*J7*SIN($B2*PI()/180)*SIN(J6*PI()/180)))) -> 0.86198633 | K25: =(((COS(($B2-$B25)*PI()/180)*COS(K6*PI()/180)*SIN(Z16*PI()/180))+((PI()/180)*Z16*SIN(($B2-$B25)*PI()/180)*SIN(K6*PI()/180)))/((COS($B2*PI()/180)*COS(K6*PI()/180)*SIN(K7*PI()/180))+((PI()/180)*K7*SIN($B2*PI()/180)*SIN(K6*PI()/180)))) -> 0.89926766 | L25: =(((COS(($B2-$B25)*PI()/180)*COS(L6*PI()/180)*SIN(AA16*PI()/180))+((PI()/180)*AA16*SIN(($B2-$B25)*PI()/180)*SIN(L6*PI()/180)))/((COS($B2*PI()/180)*COS(L6*PI()/180)*SIN(L7*PI()/180))+((PI()/180)*L7*SIN($B2*PI()/180)*SIN(L6*PI()/180)))) -> 1.0708896 | ... P25: =(((COS(($B2-$B25)*PI()/180)*COS(P6*PI()/180)*SIN(AE16*PI()/180))+((PI()/180)*AE16*SIN(($B2-$B25)*PI()/180)*SIN(P6*PI()/180)))/((COS($B2*PI()/180)*COS(P6*PI()/180)*SIN(P7*PI()/180))+((PI()/180)*P7*SIN($B2*PI()/180)*SIN(P6*PI()/180)))) -> 3.4195056 | S25: =$A$12&TEXT(B34," - ")&B34 -> Beta - 69 | T25: =MIN(DEGREES(ACOS((-TAN($B2*PI()/180))*TAN(E6*PI()/180))),DEGREES(ACOS((-TAN(($B2-$B34)*PI()/180))*TAN(E6*PI()/180)))) -> 64.357072 | U25: =MIN(DEGREES(ACOS((-TAN($B2*PI()/180))*TAN(F6*PI()/180))),DEGREES(ACOS((-TAN(($B2-$B34)*PI()/180))*TAN(F6*PI()/180)))) -> 74.902424 | V25: =MIN(DEGREES(ACOS((-TAN($B2*PI()/180))*TAN(G6*PI()/180))),DEGREES(ACOS((-TAN(($B2-$B34)*PI()/180))*TAN(G6*PI()/180)))) -> 87.259767 | W25: =MIN(DEGREES(ACOS((-TAN($B2*PI()/180))*TAN(H6*PI()/180))),DEGREES(ACOS((-TAN(($B2-$B34)*PI()/180))*TAN(H6*PI()/180)))) -> 86.455073 | X25: =MIN(DEGREES(ACOS((-TAN($B2*PI()/180))*TAN(I6*PI()/180))),DEGREES(ACOS((-TAN(($B2-$B34)*PI()/180))*TAN(I6*PI()/180)))) -> 82.710459 | Y25: =MIN(DEGREES(ACOS((-TAN($B2*PI()/180))*TAN(J6*PI()/180))),DEGREES(ACOS((-TAN(($B2-$B34)*PI()/180))*TAN(J6*PI()/180)))) -> 80.854459 | Z25: =MIN(DEGREES(ACOS((-TAN($B2*PI()/180))*TAN(K6*PI()/180))),DEGREES(ACOS((-TAN(($B2-$B34)*PI()/180))*TAN(K6*PI()/180)))) -> 81.690947 | AA25: =MIN(DEGREES(ACOS((-TAN($B2*PI()/180))*TAN(L6*PI()/180))),DEGREES(ACOS((-TAN(($B2-$B34)*PI()/180))*TAN(L6*PI()/180)))) -> 84.881662 | ... AE25: =MIN(DEGREES(ACOS((-TAN($B2*PI()/180))*TAN(P6*PI()/180))),DEGREES(ACOS((-TAN(($B2-$B34)*PI()/180))*TAN(P6*PI()/180)))) -> 61.198025
B26: =B25+3 -> 45 | D26: ="RbBar at Beta = "&B26 -> RbBar at Beta = 45 | E26: =(((COS(($B2-$B26)*PI()/180)*COS(E6*PI()/180)*SIN(T17*PI()/180))+((PI()/180)*T17*SIN(($B2-$B26)*PI()/180)*SIN(E6*PI()/180)))/((COS($B2*PI()/180)*COS(E6*PI()/180)*SIN(E7*PI()/180))+((PI()/180)*E7*SIN($B2*PI()/180)*SIN(E6*PI()/180)))) -> 3.1753856 | F26: =(((COS(($B2-$B26)*PI()/180)*COS(F6*PI()/180)*SIN(U17*PI()/180))+((PI()/180)*U17*SIN(($B2-$B26)*PI()/180)*SIN(F6*PI()/180)))/((COS($B2*PI()/180)*COS(F6*PI()/180)*SIN(F7*PI()/180))+((PI()/180)*F7*SIN($B2*PI()/180)*SIN(F6*PI()/180)))) -> 2.2841989 | G26: =(((COS(($B2-$B26)*PI()/180)*COS(G6*PI()/180)*SIN(V17*PI()/180))+((PI()/180)*V17*SIN(($B2-$B26)*PI()/180)*SIN(G6*PI()/180)))/((COS($B2*PI()/180)*COS(G6*PI()/180)*SIN(G7*PI()/180))+((PI()/180)*G7*SIN($B2*PI()/180)*SIN(G6*PI()/180)))) -> 1.6198034 | H26: =(((COS(($B2-$B26)*PI()/180)*COS(H6*PI()/180)*SIN(W17*PI()/180))+((PI()/180)*W17*SIN(($B2-$B26)*PI()/180)*SIN(H6*PI()/180)))/((COS($B2*PI()/180)*COS(H6*PI()/180)*SIN(H7*PI()/180))+((PI()/180)*H7*SIN($B2*PI()/180)*SIN(H6*PI()/180)))) -> 1.167302 | I26: =(((COS(($B2-$B26)*PI()/180)*COS(I6*PI()/180)*SIN(X17*PI()/180))+((PI()/180)*X17*SIN(($B2-$B26)*PI()/180)*SIN(I6*PI()/180)))/((COS($B2*PI()/180)*COS(I6*PI()/180)*SIN(I7*PI()/180))+((PI()/180)*I7*SIN($B2*PI()/180)*SIN(I6*PI()/180)))) -> 0.92721933 | J26: =(((COS(($B2-$B26)*PI()/180)*COS(J6*PI()/180)*SIN(Y17*PI()/180))+((PI()/180)*Y17*SIN(($B2-$B26)*PI()/180)*SIN(J6*PI()/180)))/((COS($B2*PI()/180)*COS(J6*PI()/180)*SIN(J7*PI()/180))+((PI()/180)*J7*SIN($B2*PI()/180)*SIN(J6*PI()/180)))) -> 0.83691651 | K26: =(((COS(($B2-$B26)*PI()/180)*COS(K6*PI()/180)*SIN(Z17*PI()/180))+((PI()/180)*Z17*SIN(($B2-$B26)*PI()/180)*SIN(K6*PI()/180)))/((COS($B2*PI()/180)*COS(K6*PI()/180)*SIN(K7*PI()/180))+((PI()/180)*K7*SIN($B2*PI()/180)*SIN(K6*PI()/180)))) -> 0.87574083 | L26: =(((COS(($B2-$B26)*PI()/180)*COS(L6*PI()/180)*SIN(AA17*PI()/180))+((PI()/180)*AA17*SIN(($B2-$B26)*PI()/180)*SIN(L6*PI()/180)))/((COS($B2*PI()/180)*COS(L6*PI()/180)*SIN(L7*PI()/180))+((PI()/180)*L7*SIN($B2*PI()/180)*SIN(L6*PI()/180)))) -> 1.0551315 | ... P26: =(((COS(($B2-$B26)*PI()/180)*COS(P6*PI()/180)*SIN(AE17*PI()/180))+((PI()/180)*AE17*SIN(($B2-$B26)*PI()/180)*SIN(P6*PI()/180)))/((COS($B2*PI()/180)*COS(P6*PI()/180)*SIN(P7*PI()/180))+((PI()/180)*P7*SIN($B2*PI()/180)*SIN(P6*PI()/180)))) -> 3.5353631 | S26: =$A$12&TEXT(B35," - ")&B35 -> Beta - 72 | T26: =MIN(DEGREES(ACOS((-TAN($B2*PI()/180))*TAN(E6*PI()/180))),DEGREES(ACOS((-TAN(($B2-$B35)*PI()/180))*TAN(E6*PI()/180)))) -> 64.357072 | U26: =MIN(DEGREES(ACOS((-TAN($B2*PI()/180))*TAN(F6*PI()/180))),DEGREES(ACOS((-TAN(($B2-$B35)*PI()/180))*TAN(F6*PI()/180)))) -> 74.902424 | V26: =MIN(DEGREES(ACOS((-TAN($B2*PI()/180))*TAN(G6*PI()/180))),DEGREES(ACOS((-TAN(($B2-$B35)*PI()/180))*TAN(G6*PI()/180)))) -> 87.259767 | W26: =MIN(DEGREES(ACOS((-TAN($B2*PI()/180))*TAN(H6*PI()/180))),DEGREES(ACOS((-TAN(($B2-$B35)*PI()/180))*TAN(H6*PI()/180)))) -> 85.875333 | X26: =MIN(DEGREES(ACOS((-TAN($B2*PI()/180))*TAN(I6*PI()/180))),DEGREES(ACOS((-TAN(($B2-$B35)*PI()/180))*TAN(I6*PI()/180)))) -> 81.512084 | Y26: =MIN(DEGREES(ACOS((-TAN($B2*PI()/180))*TAN(J6*PI()/180))),DEGREES(ACOS((-TAN(($B2-$B35)*PI()/180))*TAN(J6*PI()/180)))) -> 79.345006 | Z26: =MIN(DEGREES(ACOS((-TAN($B2*PI()/180))*TAN(K6*PI()/180))),DEGREES(ACOS((-TAN(($B2-$B35)*PI()/180))*TAN(K6*PI()/180)))) -> 80.322152 | AA26: =MIN(DEGREES(ACOS((-TAN($B2*PI()/180))*TAN(L6*PI()/180))),DEGREES(ACOS((-TAN(($B2-$B35)*PI()/180))*TAN(L6*PI()/180)))) -> 84.043141 | ... AE26: =MIN(DEGREES(ACOS((-TAN($B2*PI()/180))*TAN(P6*PI()/180))),DEGREES(ACOS((-TAN(($B2-$B35)*PI()/180))*TAN(P6*PI()/180)))) -> 61.198025
B27: =B26+3 -> 48 | D27: ="RbBar at Beta = "&B27 -> RbBar at Beta = 48 | E27: =(((COS(($B2-$B27)*PI()/180)*COS(E6*PI()/180)*SIN(T18*PI()/180))+((PI()/180)*T18*SIN(($B2-$B27)*PI()/180)*SIN(E6*PI()/180)))/((COS($B2*PI()/180)*COS(E6*PI()/180)*SIN(E7*PI()/180))+((PI()/180)*E7*SIN($B2*PI()/180)*SIN(E6*PI()/180)))) -> 3.2632065 | F27: =(((COS(($B2-$B27)*PI()/180)*COS(F6*PI()/180)*SIN(U18*PI()/180))+((PI()/180)*U18*SIN(($B2-$B27)*PI()/180)*SIN(F6*PI()/180)))/((COS($B2*PI()/180)*COS(F6*PI()/180)*SIN(F7*PI()/180))+((PI()/180)*F7*SIN($B2*PI()/180)*SIN(F6*PI()/180)))) -> 2.3266 | G27: =(((COS(($B2-$B27)*PI()/180)*COS(G6*PI()/180)*SIN(V18*PI()/180))+((PI()/180)*V18*SIN(($B2-$B27)*PI()/180)*SIN(G6*PI()/180)))/((COS($B2*PI()/180)*COS(G6*PI()/180)*SIN(G7*PI()/180))+((PI()/180)*G7*SIN($B2*PI()/180)*SIN(G6*PI()/180)))) -> 1.6283433 | H27: =(((COS(($B2-$B27)*PI()/180)*COS(H6*PI()/180)*SIN(W18*PI()/180))+((PI()/180)*W18*SIN(($B2-$B27)*PI()/180)*SIN(H6*PI()/180)))/((COS($B2*PI()/180)*COS(H6*PI()/180)*SIN(H7*PI()/180))+((PI()/180)*H7*SIN($B2*PI()/180)*SIN(H6*PI()/180)))) -> 1.1537142 | I27: =(((COS(($B2-$B27)*PI()/180)*COS(I6*PI()/180)*SIN(X18*PI()/180))+((PI()/180)*X18*SIN(($B2-$B27)*PI()/180)*SIN(I6*PI()/180)))/((COS($B2*PI()/180)*COS(I6*PI()/180)*SIN(I7*PI()/180))+((PI()/180)*I7*SIN($B2*PI()/180)*SIN(I6*PI()/180)))) -> 0.90356751 | J27: =(((COS(($B2-$B27)*PI()/180)*COS(J6*PI()/180)*SIN(Y18*PI()/180))+((PI()/180)*Y18*SIN(($B2-$B27)*PI()/180)*SIN(J6*PI()/180)))/((COS($B2*PI()/180)*COS(J6*PI()/180)*SIN(J7*PI()/180))+((PI()/180)*J7*SIN($B2*PI()/180)*SIN(J6*PI()/180)))) -> 0.8099563 | K27: =(((COS(($B2-$B27)*PI()/180)*COS(K6*PI()/180)*SIN(Z18*PI()/180))+((PI()/180)*Z18*SIN(($B2-$B27)*PI()/180)*SIN(K6*PI()/180)))/((COS($B2*PI()/180)*COS(K6*PI()/180)*SIN(K7*PI()/180))+((PI()/180)*K7*SIN($B2*PI()/180)*SIN(K6*PI()/180)))) -> 0.85016399 | L27: =(((COS(($B2-$B27)*PI()/180)*COS(L6*PI()/180)*SIN(AA18*PI()/180))+((PI()/180)*AA18*SIN(($B2-$B27)*PI()/180)*SIN(L6*PI()/180)))/((COS($B2*PI()/180)*COS(L6*PI()/180)*SIN(L7*PI()/180))+((PI()/180)*L7*SIN($B2*PI()/180)*SIN(L6*PI()/180)))) -> 1.0366446 | ... P27: =(((COS(($B2-$B27)*PI()/180)*COS(P6*PI()/180)*SIN(AE18*PI()/180))+((PI()/180)*AE18*SIN(($B2-$B27)*PI()/180)*SIN(P6*PI()/180)))/((COS($B2*PI()/180)*COS(P6*PI()/180)*SIN(P7*PI()/180))+((PI()/180)*P7*SIN($B2*PI()/180)*SIN(P6*PI()/180)))) -> 3.6415304 | S27: =$A$12&TEXT(B36," - ")&B36 -> Beta - 75 | T27: =MIN(DEGREES(ACOS((-TAN($B2*PI()/180))*TAN(E6*PI()/180))),DEGREES(ACOS((-TAN(($B2-$B36)*PI()/180))*TAN(E6*PI()/180)))) -> 64.357072 | U27: =MIN(DEGREES(ACOS((-TAN($B2*PI()/180))*TAN(F6*PI()/180))),DEGREES(ACOS((-TAN(($B2-$B36)*PI()/180))*TAN(F6*PI()/180)))) -> 74.902424 | V27: =MIN(DEGREES(ACOS((-TAN($B2*PI()/180))*TAN(G6*PI()/180))),DEGREES(ACOS((-TAN(($B2-$B36)*PI()/180))*TAN(G6*PI()/180)))) -> 87.259767 | W27: =MIN(DEGREES(ACOS((-TAN($B2*PI()/180))*TAN(H6*PI()/180))),DEGREES(ACOS((-TAN(($B2-$B36)*PI()/180))*TAN(H6*PI()/180)))) -> 85.268167 | X27: =MIN(DEGREES(ACOS((-TAN($B2*PI()/180))*TAN(I6*PI()/180))),DEGREES(ACOS((-TAN(($B2-$B36)*PI()/180))*TAN(I6*PI()/180)))) -> 80.253927 | Y27: =MIN(DEGREES(ACOS((-TAN($B2*PI()/180))*TAN(J6*PI()/180))),DEGREES(ACOS((-TAN(($B2-$B36)*PI()/180))*TAN(J6*PI()/180)))) -> 77.757254 | Z27: =MIN(DEGREES(ACOS((-TAN($B2*PI()/180))*TAN(K6*PI()/180))),DEGREES(ACOS((-TAN(($B2-$B36)*PI()/180))*TAN(K6*PI()/180)))) -> 78.883664 | AA27: =MIN(DEGREES(ACOS((-TAN($B2*PI()/180))*TAN(L6*PI()/180))),DEGREES(ACOS((-TAN(($B2-$B36)*PI()/180))*TAN(L6*PI()/180)))) -> 83.164231 | ... AE27: =MIN(DEGREES(ACOS((-TAN($B2*PI()/180))*TAN(P6*PI()/180))),DEGREES(ACOS((-TAN(($B2-$B36)*PI()/180))*TAN(P6*PI()/180)))) -> 61.198025
B28: =B27+3 -> 51 | D28: ="RbBar at Beta = "&B28 -> RbBar at Beta = 51 | E28: =(((COS(($B2-$B28)*PI()/180)*COS(E6*PI()/180)*SIN(T19*PI()/180))+((PI()/180)*T19*SIN(($B2-$B28)*PI()/180)*SIN(E6*PI()/180)))/((COS($B2*PI()/180)*COS(E6*PI()/180)*SIN(E7*PI()/180))+((PI()/180)*E7*SIN($B2*PI()/180)*SIN(E6*PI()/180)))) -> 3.3420831 | F28: =(((COS(($B2-$B28)*PI()/180)*COS(F6*PI()/180)*SIN(U19*PI()/180))+((PI()/180)*U19*SIN(($B2-$B28)*PI()/180)*SIN(F6*PI()/180)))/((COS($B2*PI()/180)*COS(F6*PI()/180)*SIN(F7*PI()/180))+((PI()/180)*F7*SIN($B2*PI()/180)*SIN(F6*PI()/180)))) -> 2.362624 | G28: =(((COS(($B2-$B28)*PI()/180)*COS(G6*PI()/180)*SIN(V19*PI()/180))+((PI()/180)*V19*SIN(($B2-$B28)*PI()/180)*SIN(G6*PI()/180)))/((COS($B2*PI()/180)*COS(G6*PI()/180)*SIN(G7*PI()/180))+((PI()/180)*G7*SIN($B2*PI()/180)*SIN(G6*PI()/180)))) -> 1.63242 | H28: =(((COS(($B2-$B28)*PI()/180)*COS(H6*PI()/180)*SIN(W19*PI()/180))+((PI()/180)*W19*SIN(($B2-$B28)*PI()/180)*SIN(H6*PI()/180)))/((COS($B2*PI()/180)*COS(H6*PI()/180)*SIN(H7*PI()/180))+((PI()/180)*H7*SIN($B2*PI()/180)*SIN(H6*PI()/180)))) -> 1.1370511 | I28: =(((COS(($B2-$B28)*PI()/180)*COS(I6*PI()/180)*SIN(X19*PI()/180))+((PI()/180)*X19*SIN(($B2-$B28)*PI()/180)*SIN(I6*PI()/180)))/((COS($B2*PI()/180)*COS(I6*PI()/180)*SIN(I7*PI()/180))+((PI()/180)*I7*SIN($B2*PI()/180)*SIN(I6*PI()/180)))) -> 0.87772461 | J28: =(((COS(($B2-$B28)*PI()/180)*COS(J6*PI()/180)*SIN(Y19*PI()/180))+((PI()/180)*Y19*SIN(($B2-$B28)*PI()/180)*SIN(J6*PI()/180)))/((COS($B2*PI()/180)*COS(J6*PI()/180)*SIN(J7*PI()/180))+((PI()/180)*J7*SIN($B2*PI()/180)*SIN(J6*PI()/180)))) -> 0.78117719 | K28: =(((COS(($B2-$B28)*PI()/180)*COS(K6*PI()/180)*SIN(Z19*PI()/180))+((PI()/180)*Z19*SIN(($B2-$B28)*PI()/180)*SIN(K6*PI()/180)))/((COS($B2*PI()/180)*COS(K6*PI()/180)*SIN(K7*PI()/180))+((PI()/180)*K7*SIN($B2*PI()/180)*SIN(K6*PI()/180)))) -> 0.82260518 | L28: =(((COS(($B2-$B28)*PI()/180)*COS(L6*PI()/180)*SIN(AA19*PI()/180))+((PI()/180)*AA19*SIN(($B2-$B28)*PI()/180)*SIN(L6*PI()/180)))/((COS($B2*PI()/180)*COS(L6*PI()/180)*SIN(L7*PI()/180))+((PI()/180)*L7*SIN($B2*PI()/180)*SIN(L6*PI()/180)))) -> 1.0154785 | ... P28: =(((COS(($B2-$B28)*PI()/180)*COS(P6*PI()/180)*SIN(AE19*PI()/180))+((PI()/180)*AE19*SIN(($B2-$B28)*PI()/180)*SIN(P6*PI()/180)))/((COS($B2*PI()/180)*COS(P6*PI()/180)*SIN(P7*PI()/180))+((PI()/180)*P7*SIN($B2*PI()/180)*SIN(P6*PI()/180)))) -> 3.7377165 | S28: =$A$12&TEXT(B37," - ")&B37 -> Beta - 78 | T28: =MIN(DEGREES(ACOS((-TAN($B2*PI()/180))*TAN(E6*PI()/180))),DEGREES(ACOS((-TAN(($B2-$B37)*PI()/180))*TAN(E6*PI()/180)))) -> 64.357072 | U28: =MIN(DEGREES(ACOS((-TAN($B2*PI()/180))*TAN(F6*PI()/180))),DEGREES(ACOS((-TAN(($B2-$B37)*PI()/180))*TAN(F6*PI()/180)))) -> 74.902424 | V28: =MIN(DEGREES(ACOS((-TAN($B2*PI()/180))*TAN(G6*PI()/180))),DEGREES(ACOS((-TAN(($B2-$B37)*PI()/180))*TAN(G6*PI()/180)))) -> 87.259767 | W28: =MIN(DEGREES(ACOS((-TAN($B2*PI()/180))*TAN(H6*PI()/180))),DEGREES(ACOS((-TAN(($B2-$B37)*PI()/180))*TAN(H6*PI()/180)))) -> 84.627915 | X28: =MIN(DEGREES(ACOS((-TAN($B2*PI()/180))*TAN(I6*PI()/180))),DEGREES(ACOS((-TAN(($B2-$B37)*PI()/180))*TAN(I6*PI()/180)))) -> 78.923241 | Y28: =MIN(DEGREES(ACOS((-TAN($B2*PI()/180))*TAN(J6*PI()/180))),DEGREES(ACOS((-TAN(($B2-$B37)*PI()/180))*TAN(J6*PI()/180)))) -> 76.07407 | Z28: =MIN(DEGREES(ACOS((-TAN($B2*PI()/180))*TAN(K6*PI()/180))),DEGREES(ACOS((-TAN(($B2-$B37)*PI()/180))*TAN(K6*PI()/180)))) -> 77.360421 | AA28: =MIN(DEGREES(ACOS((-TAN($B2*PI()/180))*TAN(L6*PI()/180))),DEGREES(ACOS((-TAN(($B2-$B37)*PI()/180))*TAN(L6*PI()/180)))) -> 82.236508 | ... AE28: =MIN(DEGREES(ACOS((-TAN($B2*PI()/180))*TAN(P6*PI()/180))),DEGREES(ACOS((-TAN(($B2-$B37)*PI()/180))*TAN(P6*PI()/180)))) -> 61.198025
B29: =B28+3 -> 54 | D29: ="RbBar at Beta = "&B29 -> RbBar at Beta = 54 | E29: =(((COS(($B2-$B29)*PI()/180)*COS(E6*PI()/180)*SIN(T20*PI()/180))+((PI()/180)*T20*SIN(($B2-$B29)*PI()/180)*SIN(E6*PI()/180)))/((COS($B2*PI()/180)*COS(E6*PI()/180)*SIN(E7*PI()/180))+((PI()/180)*E7*SIN($B2*PI()/180)*SIN(E6*PI()/180)))) -> 3.4117994 | F29: =(((COS(($B2-$B29)*PI()/180)*COS(F6*PI()/180)*SIN(U20*PI()/180))+((PI()/180)*U20*SIN(($B2-$B29)*PI()/180)*SIN(F6*PI()/180)))/((COS($B2*PI()/180)*COS(F6*PI()/180)*SIN(F7*PI()/180))+((PI()/180)*F7*SIN($B2*PI()/180)*SIN(F6*PI()/180)))) -> 2.3921723 | G29: =(((COS(($B2-$B29)*PI()/180)*COS(G6*PI()/180)*SIN(V20*PI()/180))+((PI()/180)*V20*SIN(($B2-$B29)*PI()/180)*SIN(G6*PI()/180)))/((COS($B2*PI()/180)*COS(G6*PI()/180)*SIN(G7*PI()/180))+((PI()/180)*G7*SIN($B2*PI()/180)*SIN(G6*PI()/180)))) -> 1.6320223 | H29: =(((COS(($B2-$B29)*PI()/180)*COS(H6*PI()/180)*SIN(W20*PI()/180))+((PI()/180)*W20*SIN(($B2-$B29)*PI()/180)*SIN(H6*PI()/180)))/((COS($B2*PI()/180)*COS(H6*PI()/180)*SIN(H7*PI()/180))+((PI()/180)*H7*SIN($B2*PI()/180)*SIN(H6*PI()/180)))) -> 1.1173584 | I29: =(((COS(($B2-$B29)*PI()/180)*COS(I6*PI()/180)*SIN(X20*PI()/180))+((PI()/180)*X20*SIN(($B2-$B29)*PI()/180)*SIN(I6*PI()/180)))/((COS($B2*PI()/180)*COS(I6*PI()/180)*SIN(I7*PI()/180))+((PI()/180)*I7*SIN($B2*PI()/180)*SIN(I6*PI()/180)))) -> 0.84976224 | J29: =(((COS(($B2-$B29)*PI()/180)*COS(J6*PI()/180)*SIN(Y20*PI()/180))+((PI()/180)*Y20*SIN(($B2-$B29)*PI()/180)*SIN(J6*PI()/180)))/((COS($B2*PI()/180)*COS(J6*PI()/180)*SIN(J7*PI()/180))+((PI()/180)*J7*SIN($B2*PI()/180)*SIN(J6*PI()/180)))) -> 0.75065919 | K29: =(((COS(($B2-$B29)*PI()/180)*COS(K6*PI()/180)*SIN(Z20*PI()/180))+((PI()/180)*Z20*SIN(($B2-$B29)*PI()/180)*SIN(K6*PI()/180)))/((COS($B2*PI()/180)*COS(K6*PI()/180)*SIN(K7*PI()/180))+((PI()/180)*K7*SIN($B2*PI()/180)*SIN(K6*PI()/180)))) -> 0.79314089 | L29: =(((COS(($B2-$B29)*PI()/180)*COS(L6*PI()/180)*SIN(AA20*PI()/180))+((PI()/180)*AA20*SIN(($B2-$B29)*PI()/180)*SIN(L6*PI()/180)))/((COS($B2*PI()/180)*COS(L6*PI()/180)*SIN(L7*PI()/180))+((PI()/180)*L7*SIN($B2*PI()/180)*SIN(L6*PI()/180)))) -> 0.99169163 | ... P29: =(((COS(($B2-$B29)*PI()/180)*COS(P6*PI()/180)*SIN(AE20*PI()/180))+((PI()/180)*AE20*SIN(($B2-$B29)*PI()/180)*SIN(P6*PI()/180)))/((COS($B2*PI()/180)*COS(P6*PI()/180)*SIN(P7*PI()/180))+((PI()/180)*P7*SIN($B2*PI()/180)*SIN(P6*PI()/180)))) -> 3.8236578 | S29: =$A$12&TEXT(B38," - ")&B38 -> Beta - 81 | T29: =MIN(DEGREES(ACOS((-TAN($B2*PI()/180))*TAN(E6*PI()/180))),DEGREES(ACOS((-TAN(($B2-$B38)*PI()/180))*TAN(E6*PI()/180)))) -> 64.357072 | U29: =MIN(DEGREES(ACOS((-TAN($B2*PI()/180))*TAN(F6*PI()/180))),DEGREES(ACOS((-TAN(($B2-$B38)*PI()/180))*TAN(F6*PI()/180)))) -> 74.902424 | V29: =MIN(DEGREES(ACOS((-TAN($B2*PI()/180))*TAN(G6*PI()/180))),DEGREES(ACOS((-TAN(($B2-$B38)*PI()/180))*TAN(G6*PI()/180)))) -> 87.259767 | W29: =MIN(DEGREES(ACOS((-TAN($B2*PI()/180))*TAN(H6*PI()/180))),DEGREES(ACOS((-TAN(($B2-$B38)*PI()/180))*TAN(H6*PI()/180)))) -> 83.947879 | X29: =MIN(DEGREES(ACOS((-TAN($B2*PI()/180))*TAN(I6*PI()/180))),DEGREES(ACOS((-TAN(($B2-$B38)*PI()/180))*TAN(I6*PI()/180)))) -> 77.504737 | Y29: =MIN(DEGREES(ACOS((-TAN($B2*PI()/180))*TAN(J6*PI()/180))),DEGREES(ACOS((-TAN(($B2-$B38)*PI()/180))*TAN(J6*PI()/180)))) -> 74.274688 | Z29: =MIN(DEGREES(ACOS((-TAN($B2*PI()/180))*TAN(K6*PI()/180))),DEGREES(ACOS((-TAN(($B2-$B38)*PI()/180))*TAN(K6*PI()/180)))) -> 75.734262 | AA29: =MIN(DEGREES(ACOS((-TAN($B2*PI()/180))*TAN(L6*PI()/180))),DEGREES(ACOS((-TAN(($B2-$B38)*PI()/180))*TAN(L6*PI()/180)))) -> 81.249958 | ... AE29: =MIN(DEGREES(ACOS((-TAN($B2*PI()/180))*TAN(P6*PI()/180))),DEGREES(ACOS((-TAN(($B2-$B38)*PI()/180))*TAN(P6*PI()/180)))) -> 61.198025
B30: =B29+3 -> 57 | D30: ="RbBar at Beta = "&B30 -> RbBar at Beta = 57 | E30: =(((COS(($B2-$B30)*PI()/180)*COS(E6*PI()/180)*SIN(T21*PI()/180))+((PI()/180)*T21*SIN(($B2-$B30)*PI()/180)*SIN(E6*PI()/180)))/((COS($B2*PI()/180)*COS(E6*PI()/180)*SIN(E7*PI()/180))+((PI()/180)*E7*SIN($B2*PI()/180)*SIN(E6*PI()/180)))) -> 3.4721641 | F30: =(((COS(($B2-$B30)*PI()/180)*COS(F6*PI()/180)*SIN(U21*PI()/180))+((PI()/180)*U21*SIN(($B2-$B30)*PI()/180)*SIN(F6*PI()/180)))/((COS($B2*PI()/180)*COS(F6*PI()/180)*SIN(F7*PI()/180))+((PI()/180)*F7*SIN($B2*PI()/180)*SIN(F6*PI()/180)))) -> 2.4151638 | G30: =(((COS(($B2-$B30)*PI()/180)*COS(G6*PI()/180)*SIN(V21*PI()/180))+((PI()/180)*V21*SIN(($B2-$B30)*PI()/180)*SIN(G6*PI()/180)))/((COS($B2*PI()/180)*COS(G6*PI()/180)*SIN(G7*PI()/180))+((PI()/180)*G7*SIN($B2*PI()/180)*SIN(G6*PI()/180)))) -> 1.6271514 | H30: =(((COS(($B2-$B30)*PI()/180)*COS(H6*PI()/180)*SIN(W21*PI()/180))+((PI()/180)*W21*SIN(($B2-$B30)*PI()/180)*SIN(H6*PI()/180)))/((COS($B2*PI()/180)*COS(H6*PI()/180)*SIN(H7*PI()/180))+((PI()/180)*H7*SIN($B2*PI()/180)*SIN(H6*PI()/180)))) -> 1.094691 | I30: =(((COS(($B2-$B30)*PI()/180)*COS(I6*PI()/180)*SIN(X21*PI()/180))+((PI()/180)*X21*SIN(($B2-$B30)*PI()/180)*SIN(I6*PI()/180)))/((COS($B2*PI()/180)*COS(I6*PI()/180)*SIN(I7*PI()/180))+((PI()/180)*I7*SIN($B2*PI()/180)*SIN(I6*PI()/180)))) -> 0.81976031 | J30: =(((COS(($B2-$B30)*PI()/180)*COS(J6*PI()/180)*SIN(Y21*PI()/180))+((PI()/180)*Y21*SIN(($B2-$B30)*PI()/180)*SIN(J6*PI()/180)))/((COS($B2*PI()/180)*COS(J6*PI()/180)*SIN(J7*PI()/180))+((PI()/180)*J7*SIN($B2*PI()/180)*SIN(J6*PI()/180)))) -> 0.71849059 | K30: =(((COS(($B2-$B30)*PI()/180)*COS(K6*PI()/180)*SIN(Z21*PI()/180))+((PI()/180)*Z21*SIN(($B2-$B30)*PI()/180)*SIN(K6*PI()/180)))/((COS($B2*PI()/180)*COS(K6*PI()/180)*SIN(K7*PI()/180))+((PI()/180)*K7*SIN($B2*PI()/180)*SIN(K6*PI()/180)))) -> 0.76185589 | L30: =(((COS(($B2-$B30)*PI()/180)*COS(L6*PI()/180)*SIN(AA21*PI()/180))+((PI()/180)*AA21*SIN(($B2-$B30)*PI()/180)*SIN(L6*PI()/180)))/((COS($B2*PI()/180)*COS(L6*PI()/180)*SIN(L7*PI()/180))+((PI()/180)*L7*SIN($B2*PI()/180)*SIN(L6*PI()/180)))) -> 0.96535108 | ... P30: =(((COS(($B2-$B30)*PI()/180)*COS(P6*PI()/180)*SIN(AE21*PI()/180))+((PI()/180)*AE21*SIN(($B2-$B30)*PI()/180)*SIN(P6*PI()/180)))/((COS($B2*PI()/180)*COS(P6*PI()/180)*SIN(P7*PI()/180))+((PI()/180)*P7*SIN($B2*PI()/180)*SIN(P6*PI()/180)))) -> 3.8991188 | S30: =$A$12&TEXT(B39," - ")&B39 -> Beta - 84 | T30: =MIN(DEGREES(ACOS((-TAN($B2*PI()/180))*TAN(E6*PI()/180))),DEGREES(ACOS((-TAN(($B2-$B39)*PI()/180))*TAN(E6*PI()/180)))) -> 64.357072 | U30: =MIN(DEGREES(ACOS((-TAN($B2*PI()/180))*TAN(F6*PI()/180))),DEGREES(ACOS((-TAN(($B2-$B39)*PI()/180))*TAN(F6*PI()/180)))) -> 74.902424 | V30: =MIN(DEGREES(ACOS((-TAN($B2*PI()/180))*TAN(G6*PI()/180))),DEGREES(ACOS((-TAN(($B2-$B39)*PI()/180))*TAN(G6*PI()/180)))) -> 87.259767 | W30: =MIN(DEGREES(ACOS((-TAN($B2*PI()/180))*TAN(H6*PI()/180))),DEGREES(ACOS((-TAN(($B2-$B39)*PI()/180))*TAN(H6*PI()/180)))) -> 83.220008 | X30: =MIN(DEGREES(ACOS((-TAN($B2*PI()/180))*TAN(I6*PI()/180))),DEGREES(ACOS((-TAN(($B2-$B39)*PI()/180))*TAN(I6*PI()/180)))) -> 75.979754 | Y30: =MIN(DEGREES(ACOS((-TAN($B2*PI()/180))*TAN(J6*PI()/180))),DEGREES(ACOS((-TAN(($B2-$B39)*PI()/180))*TAN(J6*PI()/180)))) -> 72.333433 | Z30: =MIN(DEGREES(ACOS((-TAN($B2*PI()/180))*TAN(K6*PI()/180))),DEGREES(ACOS((-TAN(($B2-$B39)*PI()/180))*TAN(K6*PI()/180)))) -> 73.982874 | AA30: =MIN(DEGREES(ACOS((-TAN($B2*PI()/180))*TAN(L6*PI()/180))),DEGREES(ACOS((-TAN(($B2-$B39)*PI()/180))*TAN(L6*PI()/180)))) -> 80.192483 | ... AE30: =MIN(DEGREES(ACOS((-TAN($B2*PI()/180))*TAN(P6*PI()/180))),DEGREES(ACOS((-TAN(($B2-$B39)*PI()/180))*TAN(P6*PI()/180)))) -> 61.198025
B31: =B30+3 -> 60 | D31: ="RbBar at Beta = "&B31 -> RbBar at Beta = 60 | E31: =(((COS(($B2-$B31)*PI()/180)*COS(E6*PI()/180)*SIN(T22*PI()/180))+((PI()/180)*T22*SIN(($B2-$B31)*PI()/180)*SIN(E6*PI()/180)))/((COS($B2*PI()/180)*COS(E6*PI()/180)*SIN(E7*PI()/180))+((PI()/180)*E7*SIN($B2*PI()/180)*SIN(E6*PI()/180)))) -> 3.5230119 | F31: =(((COS(($B2-$B31)*PI()/180)*COS(F6*PI()/180)*SIN(U22*PI()/180))+((PI()/180)*U22*SIN(($B2-$B31)*PI()/180)*SIN(F6*PI()/180)))/((COS($B2*PI()/180)*COS(F6*PI()/180)*SIN(F7*PI()/180))+((PI()/180)*F7*SIN($B2*PI()/180)*SIN(F6*PI()/180)))) -> 2.4315355 | G31: =(((COS(($B2-$B31)*PI()/180)*COS(G6*PI()/180)*SIN(V22*PI()/180))+((PI()/180)*V22*SIN(($B2-$B31)*PI()/180)*SIN(G6*PI()/180)))/((COS($B2*PI()/180)*COS(G6*PI()/180)*SIN(G7*PI()/180))+((PI()/180)*G7*SIN($B2*PI()/180)*SIN(G6*PI()/180)))) -> 1.6178205 | H31: =(((COS(($B2-$B31)*PI()/180)*COS(H6*PI()/180)*SIN(W22*PI()/180))+((PI()/180)*W22*SIN(($B2-$B31)*PI()/180)*SIN(H6*PI()/180)))/((COS($B2*PI()/180)*COS(H6*PI()/180)*SIN(H7*PI()/180))+((PI()/180)*H7*SIN($B2*PI()/180)*SIN(H6*PI()/180)))) -> 1.069113 | I31: =(((COS(($B2-$B31)*PI()/180)*COS(I6*PI()/180)*SIN(X22*PI()/180))+((PI()/180)*X22*SIN(($B2-$B31)*PI()/180)*SIN(I6*PI()/180)))/((COS($B2*PI()/180)*COS(I6*PI()/180)*SIN(I7*PI()/180))+((PI()/180)*I7*SIN($B2*PI()/180)*SIN(I6*PI()/180)))) -> 0.78780688 | J31: =(((COS(($B2-$B31)*PI()/180)*COS(J6*PI()/180)*SIN(Y22*PI()/180))+((PI()/180)*Y22*SIN(($B2-$B31)*PI()/180)*SIN(J6*PI()/180)))/((COS($B2*PI()/180)*COS(J6*PI()/180)*SIN(J7*PI()/180))+((PI()/180)*J7*SIN($B2*PI()/180)*SIN(J6*PI()/180)))) -> 0.68476795 | K31: =(((COS(($B2-$B31)*PI()/180)*COS(K6*PI()/180)*SIN(Z22*PI()/180))+((PI()/180)*Z22*SIN(($B2-$B31)*PI()/180)*SIN(K6*PI()/180)))/((COS($B2*PI()/180)*COS(K6*PI()/180)*SIN(K7*PI()/180))+((PI()/180)*K7*SIN($B2*PI()/180)*SIN(K6*PI()/180)))) -> 0.72884312 | L31: =(((COS(($B2-$B31)*PI()/180)*COS(L6*PI()/180)*SIN(AA22*PI()/180))+((PI()/180)*AA22*SIN(($B2-$B31)*PI()/180)*SIN(L6*PI()/180)))/((COS($B2*PI()/180)*COS(L6*PI()/180)*SIN(L7*PI()/180))+((PI()/180)*L7*SIN($B2*PI()/180)*SIN(L6*PI()/180)))) -> 0.93653225 | ... P31: =(((COS(($B2-$B31)*PI()/180)*COS(P6*PI()/180)*SIN(AE22*PI()/180))+((PI()/180)*AE22*SIN(($B2-$B31)*PI()/180)*SIN(P6*PI()/180)))/((COS($B2*PI()/180)*COS(P6*PI()/180)*SIN(P7*PI()/180))+((PI()/180)*P7*SIN($B2*PI()/180)*SIN(P6*PI()/180)))) -> 3.9638925 | S31: =$A$12&TEXT(B40," - ")&B40 -> Beta - 87 | T31: =MIN(DEGREES(ACOS((-TAN($B2*PI()/180))*TAN(E6*PI()/180))),DEGREES(ACOS((-TAN(($B2-$B40)*PI()/180))*TAN(E6*PI()/180)))) -> 64.357072 | U31: =MIN(DEGREES(ACOS((-TAN($B2*PI()/180))*TAN(F6*PI()/180))),DEGREES(ACOS((-TAN(($B2-$B40)*PI()/180))*TAN(F6*PI()/180)))) -> 74.902424 | V31: =MIN(DEGREES(ACOS((-TAN($B2*PI()/180))*TAN(G6*PI()/180))),DEGREES(ACOS((-TAN(($B2-$B40)*PI()/180))*TAN(G6*PI()/180)))) -> 87.259767 | W31: =MIN(DEGREES(ACOS((-TAN($B2*PI()/180))*TAN(H6*PI()/180))),DEGREES(ACOS((-TAN(($B2-$B40)*PI()/180))*TAN(H6*PI()/180)))) -> 82.434477 | X31: =MIN(DEGREES(ACOS((-TAN($B2*PI()/180))*TAN(I6*PI()/180))),DEGREES(ACOS((-TAN(($B2-$B40)*PI()/180))*TAN(I6*PI()/180)))) -> 74.325094 | Y31: =MIN(DEGREES(ACOS((-TAN($B2*PI()/180))*TAN(J6*PI()/180))),DEGREES(ACOS((-TAN(($B2-$B40)*PI()/180))*TAN(J6*PI()/180)))) -> 70.217891 | Z31: =MIN(DEGREES(ACOS((-TAN($B2*PI()/180))*TAN(K6*PI()/180))),DEGREES(ACOS((-TAN(($B2-$B40)*PI()/180))*TAN(K6*PI()/180)))) -> 72.078297 | AA31: =MIN(DEGREES(ACOS((-TAN($B2*PI()/180))*TAN(L6*PI()/180))),DEGREES(ACOS((-TAN(($B2-$B40)*PI()/180))*TAN(L6*PI()/180)))) -> 79.049234 | ... AE31: =MIN(DEGREES(ACOS((-TAN($B2*PI()/180))*TAN(P6*PI()/180))),DEGREES(ACOS((-TAN(($B2-$B40)*PI()/180))*TAN(P6*PI()/180)))) -> 61.198025
B32: =B31+3 -> 63 | D32: ="RbBar at Beta = "&B32 -> RbBar at Beta = 63 | E32: =(((COS(($B2-$B32)*PI()/180)*COS(E6*PI()/180)*SIN(T23*PI()/180))+((PI()/180)*T23*SIN(($B2-$B32)*PI()/180)*SIN(E6*PI()/180)))/((COS($B2*PI()/180)*COS(E6*PI()/180)*SIN(E7*PI()/180))+((PI()/180)*E7*SIN($B2*PI()/180)*SIN(E6*PI()/180)))) -> 3.5642033 | F32: =(((COS(($B2-$B32)*PI()/180)*COS(F6*PI()/180)*SIN(U23*PI()/180))+((PI()/180)*U23*SIN(($B2-$B32)*PI()/180)*SIN(F6*PI()/180)))/((COS($B2*PI()/180)*COS(F6*PI()/180)*SIN(F7*PI()/180))+((PI()/180)*F7*SIN($B2*PI()/180)*SIN(F6*PI()/180)))) -> 2.4412425 | G32: =(((COS(($B2-$B32)*PI()/180)*COS(G6*PI()/180)*SIN(V23*PI()/180))+((PI()/180)*V23*SIN(($B2-$B32)*PI()/180)*SIN(G6*PI()/180)))/((COS($B2*PI()/180)*COS(G6*PI()/180)*SIN(G7*PI()/180))+((PI()/180)*G7*SIN($B2*PI()/180)*SIN(G6*PI()/180)))) -> 1.6040554 | H32: =(((COS(($B2-$B32)*PI()/180)*COS(H6*PI()/180)*SIN(W23*PI()/180))+((PI()/180)*W23*SIN(($B2-$B32)*PI()/180)*SIN(H6*PI()/180)))/((COS($B2*PI()/180)*COS(H6*PI()/180)*SIN(H7*PI()/180))+((PI()/180)*H7*SIN($B2*PI()/180)*SIN(H6*PI()/180)))) -> 1.0406968 | I32: =(((COS(($B2-$B32)*PI()/180)*COS(I6*PI()/180)*SIN(X23*PI()/180))+((PI()/180)*X23*SIN(($B2-$B32)*PI()/180)*SIN(I6*PI()/180)))/((COS($B2*PI()/180)*COS(I6*PI()/180)*SIN(I7*PI()/180))+((PI()/180)*I7*SIN($B2*PI()/180)*SIN(I6*PI()/180)))) -> 0.75399814 | J32: =(((COS(($B2-$B32)*PI()/180)*COS(J6*PI()/180)*SIN(Y23*PI()/180))+((PI()/180)*Y23*SIN(($B2-$B32)*PI()/180)*SIN(J6*PI()/180)))/((COS($B2*PI()/180)*COS(J6*PI()/180)*SIN(J7*PI()/180))+((PI()/180)*J7*SIN($B2*PI()/180)*SIN(J6*PI()/180)))) -> 0.64959607 | K32: =(((COS(($B2-$B32)*PI()/180)*COS(K6*PI()/180)*SIN(Z23*PI()/180))+((PI()/180)*Z23*SIN(($B2-$B32)*PI()/180)*SIN(K6*PI()/180)))/((COS($B2*PI()/180)*COS(K6*PI()/180)*SIN(K7*PI()/180))+((PI()/180)*K7*SIN($B2*PI()/180)*SIN(K6*PI()/180)))) -> 0.6942037 | L32: =(((COS(($B2-$B32)*PI()/180)*COS(L6*PI()/180)*SIN(AA23*PI()/180))+((PI()/180)*AA23*SIN(($B2-$B32)*PI()/180)*SIN(L6*PI()/180)))/((COS($B2*PI()/180)*COS(L6*PI()/180)*SIN(L7*PI()/180))+((PI()/180)*L7*SIN($B2*PI()/180)*SIN(L6*PI()/180)))) -> 0.90531892 | ... P32: =(((COS(($B2-$B32)*PI()/180)*COS(P6*PI()/180)*SIN(AE23*PI()/180))+((PI()/180)*AE23*SIN(($B2-$B32)*PI()/180)*SIN(P6*PI()/180)))/((COS($B2*PI()/180)*COS(P6*PI()/180)*SIN(P7*PI()/180))+((PI()/180)*P7*SIN($B2*PI()/180)*SIN(P6*PI()/180)))) -> 4.0178014 | S32: =$A$12&TEXT(B41," - ")&B41 -> Beta - 90 | T32: =MIN(DEGREES(ACOS((-TAN($B2*PI()/180))*TAN(E6*PI()/180))),DEGREES(ACOS((-TAN(($B2-$B41)*PI()/180))*TAN(E6*PI()/180)))) -> 64.357072 | U32: =MIN(DEGREES(ACOS((-TAN($B2*PI()/180))*TAN(F6*PI()/180))),DEGREES(ACOS((-TAN(($B2-$B41)*PI()/180))*TAN(F6*PI()/180)))) -> 74.902424 | V32: =MIN(DEGREES(ACOS((-TAN($B2*PI()/180))*TAN(G6*PI()/180))),DEGREES(ACOS((-TAN(($B2-$B41)*PI()/180))*TAN(G6*PI()/180)))) -> 87.259767 | W32: =MIN(DEGREES(ACOS((-TAN($B2*PI()/180))*TAN(H6*PI()/180))),DEGREES(ACOS((-TAN(($B2-$B41)*PI()/180))*TAN(H6*PI()/180)))) -> 81.579102 | X32: =MIN(DEGREES(ACOS((-TAN($B2*PI()/180))*TAN(I6*PI()/180))),DEGREES(ACOS((-TAN(($B2-$B41)*PI()/180))*TAN(I6*PI()/180)))) -> 72.511353 | Y32: =MIN(DEGREES(ACOS((-TAN($B2*PI()/180))*TAN(J6*PI()/180))),DEGREES(ACOS((-TAN(($B2-$B41)*PI()/180))*TAN(J6*PI()/180)))) -> 67.886189 | Z32: =MIN(DEGREES(ACOS((-TAN($B2*PI()/180))*TAN(K6*PI()/180))),DEGREES(ACOS((-TAN(($B2-$B41)*PI()/180))*TAN(K6*PI()/180)))) -> 69.984752 | AA32: =MIN(DEGREES(ACOS((-TAN($B2*PI()/180))*TAN(L6*PI()/180))),DEGREES(ACOS((-TAN(($B2-$B41)*PI()/180))*TAN(L6*PI()/180)))) -> 77.801665 | ... AE32: =MIN(DEGREES(ACOS((-TAN($B2*PI()/180))*TAN(P6*PI()/180))),DEGREES(ACOS((-TAN(($B2-$B41)*PI()/180))*TAN(P6*PI()/180)))) -> 61.198025
B33: =B32+3 -> 66 | D33: ="RbBar at Beta = "&B33 -> RbBar at Beta = 66 | E33: =(((COS(($B2-$B33)*PI()/180)*COS(E6*PI()/180)*SIN(T24*PI()/180))+((PI()/180)*T24*SIN(($B2-$B33)*PI()/180)*SIN(E6*PI()/180)))/((COS($B2*PI()/180)*COS(E6*PI()/180)*SIN(E7*PI()/180))+((PI()/180)*E7*SIN($B2*PI()/180)*SIN(E6*PI()/180)))) -> 3.5956255 | F33: =(((COS(($B2-$B33)*PI()/180)*COS(F6*PI()/180)*SIN(U24*PI()/180))+((PI()/180)*U24*SIN(($B2-$B33)*PI()/180)*SIN(F6*PI()/180)))/((COS($B2*PI()/180)*COS(F6*PI()/180)*SIN(F7*PI()/180))+((PI()/180)*F7*SIN($B2*PI()/180)*SIN(F6*PI()/180)))) -> 2.4442582 | G33: =(((COS(($B2-$B33)*PI()/180)*COS(G6*PI()/180)*SIN(V24*PI()/180))+((PI()/180)*V24*SIN(($B2-$B33)*PI()/180)*SIN(G6*PI()/180)))/((COS($B2*PI()/180)*COS(G6*PI()/180)*SIN(G7*PI()/180))+((PI()/180)*G7*SIN($B2*PI()/180)*SIN(G6*PI()/180)))) -> 1.5858936 | H33: =(((COS(($B2-$B33)*PI()/180)*COS(H6*PI()/180)*SIN(W24*PI()/180))+((PI()/180)*W24*SIN(($B2-$B33)*PI()/180)*SIN(H6*PI()/180)))/((COS($B2*PI()/180)*COS(H6*PI()/180)*SIN(H7*PI()/180))+((PI()/180)*H7*SIN($B2*PI()/180)*SIN(H6*PI()/180)))) -> 1.0095238 | I33: =(((COS(($B2-$B33)*PI()/180)*COS(I6*PI()/180)*SIN(X24*PI()/180))+((PI()/180)*X24*SIN(($B2-$B33)*PI()/180)*SIN(I6*PI()/180)))/((COS($B2*PI()/180)*COS(I6*PI()/180)*SIN(I7*PI()/180))+((PI()/180)*I7*SIN($B2*PI()/180)*SIN(I6*PI()/180)))) -> 0.71843842 | J33: =(((COS(($B2-$B33)*PI()/180)*COS(J6*PI()/180)*SIN(Y24*PI()/180))+((PI()/180)*Y24*SIN(($B2-$B33)*PI()/180)*SIN(J6*PI()/180)))/((COS($B2*PI()/180)*COS(J6*PI()/180)*SIN(J7*PI()/180))+((PI()/180)*J7*SIN($B2*PI()/180)*SIN(J6*PI()/180)))) -> 0.61308817 | K33: =(((COS(($B2-$B33)*PI()/180)*COS(K6*PI()/180)*SIN(Z24*PI()/180))+((PI()/180)*Z24*SIN(($B2-$B33)*PI()/180)*SIN(K6*PI()/180)))/((COS($B2*PI()/180)*COS(K6*PI()/180)*SIN(K7*PI()/180))+((PI()/180)*K7*SIN($B2*PI()/180)*SIN(K6*PI()/180)))) -> 0.658047 | L33: =(((COS(($B2-$B33)*PI()/180)*COS(L6*PI()/180)*SIN(AA24*PI()/180))+((PI()/180)*AA24*SIN(($B2-$B33)*PI()/180)*SIN(L6*PI()/180)))/((COS($B2*PI()/180)*COS(L6*PI()/180)*SIN(L7*PI()/180))+((PI()/180)*L7*SIN($B2*PI()/180)*SIN(L6*PI()/180)))) -> 0.87180315 | ... P33: =(((COS(($B2-$B33)*PI()/180)*COS(P6*PI()/180)*SIN(AE24*PI()/180))+((PI()/180)*AE24*SIN(($B2-$B33)*PI()/180)*SIN(P6*PI()/180)))/((COS($B2*PI()/180)*COS(P6*PI()/180)*SIN(P7*PI()/180))+((PI()/180)*P7*SIN($B2*PI()/180)*SIN(P6*PI()/180)))) -> 4.0606978 | R33: Horizontal Surface | S33: Beta - 0 | T33: =MIN(DEGREES(ACOS((-TAN($B2*PI()/180))*TAN(E6*PI()/180))),DEGREES(ACOS((-TAN(($B2-$B42)*PI()/180))*TAN(E6*PI()/180)))) -> 64.357072 | U33: =MIN(DEGREES(ACOS((-TAN($B2*PI()/180))*TAN(F6*PI()/180))),DEGREES(ACOS((-TAN(($B2-$B42)*PI()/180))*TAN(F6*PI()/180)))) -> 74.902424 | V33: =MIN(DEGREES(ACOS((-TAN($B2*PI()/180))*TAN(G6*PI()/180))),DEGREES(ACOS((-TAN(($B2-$B42)*PI()/180))*TAN(G6*PI()/180)))) -> 87.259767 | W33: =MIN(DEGREES(ACOS((-TAN($B2*PI()/180))*TAN(H6*PI()/180))),DEGREES(ACOS((-TAN(($B2-$B42)*PI()/180))*TAN(H6*PI()/180)))) -> 100.82155 | X33: =MIN(DEGREES(ACOS((-TAN($B2*PI()/180))*TAN(I6*PI()/180))),DEGREES(ACOS((-TAN(($B2-$B42)*PI()/180))*TAN(I6*PI()/180)))) -> 112.66129 | Y33: =MIN(DEGREES(ACOS((-TAN($B2*PI()/180))*TAN(J6*PI()/180))),DEGREES(ACOS((-TAN(($B2-$B42)*PI()/180))*TAN(J6*PI()/180)))) -> 118.85738 | Z33: =MIN(DEGREES(ACOS((-TAN($B2*PI()/180))*TAN(K6*PI()/180))),DEGREES(ACOS((-TAN(($B2-$B42)*PI()/180))*TAN(K6*PI()/180)))) -> 116.02819 | AA33: =MIN(DEGREES(ACOS((-TAN($B2*PI()/180))*TAN(L6*PI()/180))),DEGREES(ACOS((-TAN(($B2-$B42)*PI()/180))*TAN(L6*PI()/180)))) -> 105.7176 | ... AE33: =MIN(DEGREES(ACOS((-TAN($B2*PI()/180))*TAN(P6*PI()/180))),DEGREES(ACOS((-TAN(($B2-$B42)*PI()/180))*TAN(P6*PI()/180)))) -> 61.198025
B34: =B33+3 -> 69 | D34: ="RbBar at Beta = "&B34 -> RbBar at Beta = 69 | E34: =(((COS(($B2-$B34)*PI()/180)*COS(E6*PI()/180)*SIN(T25*PI()/180))+((PI()/180)*T25*SIN(($B2-$B34)*PI()/180)*SIN(E6*PI()/180)))/((COS($B2*PI()/180)*COS(E6*PI()/180)*SIN(E7*PI()/180))+((PI()/180)*E7*SIN($B2*PI()/180)*SIN(E6*PI()/180)))) -> 3.6171923 | F34: =(((COS(($B2-$B34)*PI()/180)*COS(F6*PI()/180)*SIN(U25*PI()/180))+((PI()/180)*U25*SIN(($B2-$B34)*PI()/180)*SIN(F6*PI()/180)))/((COS($B2*PI()/180)*COS(F6*PI()/180)*SIN(F7*PI()/180))+((PI()/180)*F7*SIN($B2*PI()/180)*SIN(F6*PI()/180)))) -> 2.4405744 | G34: =(((COS(($B2-$B34)*PI()/180)*COS(G6*PI()/180)*SIN(V25*PI()/180))+((PI()/180)*V25*SIN(($B2-$B34)*PI()/180)*SIN(G6*PI()/180)))/((COS($B2*PI()/180)*COS(G6*PI()/180)*SIN(G7*PI()/180))+((PI()/180)*G7*SIN($B2*PI()/180)*SIN(G6*PI()/180)))) -> 1.563385 | H34: =(((COS(($B2-$B34)*PI()/180)*COS(H6*PI()/180)*SIN(W25*PI()/180))+((PI()/180)*W25*SIN(($B2-$B34)*PI()/180)*SIN(H6*PI()/180)))/((COS($B2*PI()/180)*COS(H6*PI()/180)*SIN(H7*PI()/180))+((PI()/180)*H7*SIN($B2*PI()/180)*SIN(H6*PI()/180)))) -> 0.97568389 | I34: =(((COS(($B2-$B34)*PI()/180)*COS(I6*PI()/180)*SIN(X25*PI()/180))+((PI()/180)*X25*SIN(($B2-$B34)*PI()/180)*SIN(I6*PI()/180)))/((COS($B2*PI()/180)*COS(I6*PI()/180)*SIN(I7*PI()/180))+((PI()/180)*I7*SIN($B2*PI()/180)*SIN(I6*PI()/180)))) -> 0.68124037 | J34: =(((COS(($B2-$B34)*PI()/180)*COS(J6*PI()/180)*SIN(Y25*PI()/180))+((PI()/180)*Y25*SIN(($B2-$B34)*PI()/180)*SIN(J6*PI()/180)))/((COS($B2*PI()/180)*COS(J6*PI()/180)*SIN(J7*PI()/180))+((PI()/180)*J7*SIN($B2*PI()/180)*SIN(J6*PI()/180)))) -> 0.57536615 | K34: =(((COS(($B2-$B34)*PI()/180)*COS(K6*PI()/180)*SIN(Z25*PI()/180))+((PI()/180)*Z25*SIN(($B2-$B34)*PI()/180)*SIN(K6*PI()/180)))/((COS($B2*PI()/180)*COS(K6*PI()/180)*SIN(K7*PI()/180))+((PI()/180)*K7*SIN($B2*PI()/180)*SIN(K6*PI()/180)))) -> 0.62049085 | L34: =(((COS(($B2-$B34)*PI()/180)*COS(L6*PI()/180)*SIN(AA25*PI()/180))+((PI()/180)*AA25*SIN(($B2-$B34)*PI()/180)*SIN(L6*PI()/180)))/((COS($B2*PI()/180)*COS(L6*PI()/180)*SIN(L7*PI()/180))+((PI()/180)*L7*SIN($B2*PI()/180)*SIN(L6*PI()/180)))) -> 0.83608521 | ... P34: =(((COS(($B2-$B34)*PI()/180)*COS(P6*PI()/180)*SIN(AE25*PI()/180))+((PI()/180)*AE25*SIN(($B2-$B34)*PI()/180)*SIN(P6*PI()/180)))/((COS($B2*PI()/180)*COS(P6*PI()/180)*SIN(P7*PI()/180))+((PI()/180)*P7*SIN($B2*PI()/180)*SIN(P6*PI()/180)))) -> 4.0924642
B35: =B34+3 -> 72 | D35: ="RbBar at Beta = "&B35 -> RbBar at Beta = 72 | E35: =(((COS(($B2-$B35)*PI()/180)*COS(E6*PI()/180)*SIN(T26*PI()/180))+((PI()/180)*T26*SIN(($B2-$B35)*PI()/180)*SIN(E6*PI()/180)))/((COS($B2*PI()/180)*COS(E6*PI()/180)*SIN(E7*PI()/180))+((PI()/180)*E7*SIN($B2*PI()/180)*SIN(E6*PI()/180)))) -> 3.6288447 | F35: =(((COS(($B2-$B35)*PI()/180)*COS(F6*PI()/180)*SIN(U26*PI()/180))+((PI()/180)*U26*SIN(($B2-$B35)*PI()/180)*SIN(F6*PI()/180)))/((COS($B2*PI()/180)*COS(F6*PI()/180)*SIN(F7*PI()/180))+((PI()/180)*F7*SIN($B2*PI()/180)*SIN(F6*PI()/180)))) -> 2.4302012 | G35: =(((COS(($B2-$B35)*PI()/180)*COS(G6*PI()/180)*SIN(V26*PI()/180))+((PI()/180)*V26*SIN(($B2-$B35)*PI()/180)*SIN(G6*PI()/180)))/((COS($B2*PI()/180)*COS(G6*PI()/180)*SIN(G7*PI()/180))+((PI()/180)*G7*SIN($B2*PI()/180)*SIN(G6*PI()/180)))) -> 1.5365913 | H35: =(((COS(($B2-$B35)*PI()/180)*COS(H6*PI()/180)*SIN(W26*PI()/180))+((PI()/180)*W26*SIN(($B2-$B35)*PI()/180)*SIN(H6*PI()/180)))/((COS($B2*PI()/180)*COS(H6*PI()/180)*SIN(H7*PI()/180))+((PI()/180)*H7*SIN($B2*PI()/180)*SIN(H6*PI()/180)))) -> 0.93927547 | I35: =(((COS(($B2-$B35)*PI()/180)*COS(I6*PI()/180)*SIN(X26*PI()/180))+((PI()/180)*X26*SIN(($B2-$B35)*PI()/180)*SIN(I6*PI()/180)))/((COS($B2*PI()/180)*COS(I6*PI()/180)*SIN(I7*PI()/180))+((PI()/180)*I7*SIN($B2*PI()/180)*SIN(I6*PI()/180)))) -> 0.64252513 | J35: =(((COS(($B2-$B35)*PI()/180)*COS(J6*PI()/180)*SIN(Y26*PI()/180))+((PI()/180)*Y26*SIN(($B2-$B35)*PI()/180)*SIN(J6*PI()/180)))/((COS($B2*PI()/180)*COS(J6*PI()/180)*SIN(J7*PI()/180))+((PI()/180)*J7*SIN($B2*PI()/180)*SIN(J6*PI()/180)))) -> 0.53656117 | K35: =(((COS(($B2-$B35)*PI()/180)*COS(K6*PI()/180)*SIN(Z26*PI()/180))+((PI()/180)*Z26*SIN(($B2-$B35)*PI()/180)*SIN(K6*PI()/180)))/((COS($B2*PI()/180)*COS(K6*PI()/180)*SIN(K7*PI()/180))+((PI()/180)*K7*SIN($B2*PI()/180)*SIN(K6*PI()/180)))) -> 0.58166196 | L35: =(((COS(($B2-$B35)*PI()/180)*COS(L6*PI()/180)*SIN(AA26*PI()/180))+((PI()/180)*AA26*SIN(($B2-$B35)*PI()/180)*SIN(L6*PI()/180)))/((COS($B2*PI()/180)*COS(L6*PI()/180)*SIN(L7*PI()/180))+((PI()/180)*L7*SIN($B2*PI()/180)*SIN(L6*PI()/180)))) -> 0.79827363 | ... P35: =(((COS(($B2-$B35)*PI()/180)*COS(P6*PI()/180)*SIN(AE26*PI()/180))+((PI()/180)*AE26*SIN(($B2-$B35)*PI()/180)*SIN(P6*PI()/180)))/((COS($B2*PI()/180)*COS(P6*PI()/180)*SIN(P7*PI()/180))+((PI()/180)*P7*SIN($B2*PI()/180)*SIN(P6*PI()/180)))) -> 4.1130134
B36: =B35+3 -> 75 | D36: ="RbBar at Beta = "&B36 -> RbBar at Beta = 75 | E36: =(((COS(($B2-$B36)*PI()/180)*COS(E6*PI()/180)*SIN(T27*PI()/180))+((PI()/180)*T27*SIN(($B2-$B36)*PI()/180)*SIN(E6*PI()/180)))/((COS($B2*PI()/180)*COS(E6*PI()/180)*SIN(E7*PI()/180))+((PI()/180)*E7*SIN($B2*PI()/180)*SIN(E6*PI()/180)))) -> 3.6305507 | F36: =(((COS(($B2-$B36)*PI()/180)*COS(F6*PI()/180)*SIN(U27*PI()/180))+((PI()/180)*U27*SIN(($B2-$B36)*PI()/180)*SIN(F6*PI()/180)))/((COS($B2*PI()/180)*COS(F6*PI()/180)*SIN(F7*PI()/180))+((PI()/180)*F7*SIN($B2*PI()/180)*SIN(F6*PI()/180)))) -> 2.4131669 | G36: =(((COS(($B2-$B36)*PI()/180)*COS(G6*PI()/180)*SIN(V27*PI()/180))+((PI()/180)*V27*SIN(($B2-$B36)*PI()/180)*SIN(G6*PI()/180)))/((COS($B2*PI()/180)*COS(G6*PI()/180)*SIN(G7*PI()/180))+((PI()/180)*G7*SIN($B2*PI()/180)*SIN(G6*PI()/180)))) -> 1.5055859 | H36: =(((COS(($B2-$B36)*PI()/180)*COS(H6*PI()/180)*SIN(W27*PI()/180))+((PI()/180)*W27*SIN(($B2-$B36)*PI()/180)*SIN(H6*PI()/180)))/((COS($B2*PI()/180)*COS(H6*PI()/180)*SIN(H7*PI()/180))+((PI()/180)*H7*SIN($B2*PI()/180)*SIN(H6*PI()/180)))) -> 0.90040533 | I36: =(((COS(($B2-$B36)*PI()/180)*COS(I6*PI()/180)*SIN(X27*PI()/180))+((PI()/180)*X27*SIN(($B2-$B36)*PI()/180)*SIN(I6*PI()/180)))/((COS($B2*PI()/180)*COS(I6*PI()/180)*SIN(I7*PI()/180))+((PI()/180)*I7*SIN($B2*PI()/180)*SIN(I6*PI()/180)))) -> 0.60242285 | J36: =(((COS(($B2-$B36)*PI()/180)*COS(J6*PI()/180)*SIN(Y27*PI()/180))+((PI()/180)*Y27*SIN(($B2-$B36)*PI()/180)*SIN(J6*PI()/180)))/((COS($B2*PI()/180)*COS(J6*PI()/180)*SIN(J7*PI()/180))+((PI()/180)*J7*SIN($B2*PI()/180)*SIN(J6*PI()/180)))) -> 0.49681441 | K36: =(((COS(($B2-$B36)*PI()/180)*COS(K6*PI()/180)*SIN(Z27*PI()/180))+((PI()/180)*Z27*SIN(($B2-$B36)*PI()/180)*SIN(K6*PI()/180)))/((COS($B2*PI()/180)*COS(K6*PI()/180)*SIN(K7*PI()/180))+((PI()/180)*K7*SIN($B2*PI()/180)*SIN(K6*PI()/180)))) -> 0.54169656 | L36: =(((COS(($B2-$B36)*PI()/180)*COS(L6*PI()/180)*SIN(AA27*PI()/180))+((PI()/180)*AA27*SIN(($B2-$B36)*PI()/180)*SIN(L6*PI()/180)))/((COS($B2*PI()/180)*COS(L6*PI()/180)*SIN(L7*PI()/180))+((PI()/180)*L7*SIN($B2*PI()/180)*SIN(L6*PI()/180)))) -> 0.75848534 | ... P36: =(((COS(($B2-$B36)*PI()/180)*COS(P6*PI()/180)*SIN(AE27*PI()/180))+((PI()/180)*AE27*SIN(($B2-$B36)*PI()/180)*SIN(P6*PI()/180)))/((COS($B2*PI()/180)*COS(P6*PI()/180)*SIN(P7*PI()/180))+((PI()/180)*P7*SIN($B2*PI()/180)*SIN(P6*PI()/180)))) -> 4.1222891
B37: =B36+3 -> 78 | D37: ="RbBar at Beta = "&B37 -> RbBar at Beta = 78 | E37: =(((COS(($B2-$B37)*PI()/180)*COS(E6*PI()/180)*SIN(T28*PI()/180))+((PI()/180)*T28*SIN(($B2-$B37)*PI()/180)*SIN(E6*PI()/180)))/((COS($B2*PI()/180)*COS(E6*PI()/180)*SIN(E7*PI()/180))+((PI()/180)*E7*SIN($B2*PI()/180)*SIN(E6*PI()/180)))) -> 3.6223055 | F37: =(((COS(($B2-$B37)*PI()/180)*COS(F6*PI()/180)*SIN(U28*PI()/180))+((PI()/180)*U28*SIN(($B2-$B37)*PI()/180)*SIN(F6*PI()/180)))/((COS($B2*PI()/180)*COS(F6*PI()/180)*SIN(F7*PI()/180))+((PI()/180)*F7*SIN($B2*PI()/180)*SIN(F6*PI()/180)))) -> 2.3895183 | G37: =(((COS(($B2-$B37)*PI()/180)*COS(G6*PI()/180)*SIN(V28*PI()/180))+((PI()/180)*V28*SIN(($B2-$B37)*PI()/180)*SIN(G6*PI()/180)))/((COS($B2*PI()/180)*COS(G6*PI()/180)*SIN(G7*PI()/180))+((PI()/180)*G7*SIN($B2*PI()/180)*SIN(G6*PI()/180)))) -> 1.4704537 | H37: =(((COS(($B2-$B37)*PI()/180)*COS(H6*PI()/180)*SIN(W28*PI()/180))+((PI()/180)*W28*SIN(($B2-$B37)*PI()/180)*SIN(H6*PI()/180)))/((COS($B2*PI()/180)*COS(H6*PI()/180)*SIN(H7*PI()/180))+((PI()/180)*H7*SIN($B2*PI()/180)*SIN(H6*PI()/180)))) -> 0.85918867 | I37: =(((COS(($B2-$B37)*PI()/180)*COS(I6*PI()/180)*SIN(X28*PI()/180))+((PI()/180)*X28*SIN(($B2-$B37)*PI()/180)*SIN(I6*PI()/180)))/((COS($B2*PI()/180)*COS(I6*PI()/180)*SIN(I7*PI()/180))+((PI()/180)*I7*SIN($B2*PI()/180)*SIN(I6*PI()/180)))) -> 0.56107331 | J37: =(((COS(($B2-$B37)*PI()/180)*COS(J6*PI()/180)*SIN(Y28*PI()/180))+((PI()/180)*Y28*SIN(($B2-$B37)*PI()/180)*SIN(J6*PI()/180)))/((COS($B2*PI()/180)*COS(J6*PI()/180)*SIN(J7*PI()/180))+((PI()/180)*J7*SIN($B2*PI()/180)*SIN(J6*PI()/180)))) -> 0.45627823 | K37: =(((COS(($B2-$B37)*PI()/180)*COS(K6*PI()/180)*SIN(Z28*PI()/180))+((PI()/180)*Z28*SIN(($B2-$B37)*PI()/180)*SIN(K6*PI()/180)))/((COS($B2*PI()/180)*COS(K6*PI()/180)*SIN(K7*PI()/180))+((PI()/180)*K7*SIN($B2*PI()/180)*SIN(K6*PI()/180)))) -> 0.50074125 | L37: =(((COS(($B2-$B37)*PI()/180)*COS(L6*PI()/180)*SIN(AA28*PI()/180))+((PI()/180)*AA28*SIN(($B2-$B37)*PI()/180)*SIN(L6*PI()/180)))/((COS($B2*PI()/180)*COS(L6*PI()/180)*SIN(L7*PI()/180))+((PI()/180)*L7*SIN($B2*PI()/180)*SIN(L6*PI()/180)))) -> 0.71684583 | ... P37: =(((COS(($B2-$B37)*PI()/180)*COS(P6*PI()/180)*SIN(AE28*PI()/180))+((PI()/180)*AE28*SIN(($B2-$B37)*PI()/180)*SIN(P6*PI()/180)))/((COS($B2*PI()/180)*COS(P6*PI()/180)*SIN(P7*PI()/180))+((PI()/180)*P7*SIN($B2*PI()/180)*SIN(P6*PI()/180)))) -> 4.1202659
B38: =B37+3 -> 81 | D38: ="RbBar at Beta = "&B38 -> RbBar at Beta = 81 | E38: =(((COS(($B2-$B38)*PI()/180)*COS(E6*PI()/180)*SIN(T29*PI()/180))+((PI()/180)*T29*SIN(($B2-$B38)*PI()/180)*SIN(E6*PI()/180)))/((COS($B2*PI()/180)*COS(E6*PI()/180)*SIN(E7*PI()/180))+((PI()/180)*E7*SIN($B2*PI()/180)*SIN(E6*PI()/180)))) -> 3.6041319 | F38: =(((COS(($B2-$B38)*PI()/180)*COS(F6*PI()/180)*SIN(U29*PI()/180))+((PI()/180)*U29*SIN(($B2-$B38)*PI()/180)*SIN(F6*PI()/180)))/((COS($B2*PI()/180)*COS(F6*PI()/180)*SIN(F7*PI()/180))+((PI()/180)*F7*SIN($B2*PI()/180)*SIN(F6*PI()/180)))) -> 2.3593203 | G38: =(((COS(($B2-$B38)*PI()/180)*COS(G6*PI()/180)*SIN(V29*PI()/180))+((PI()/180)*V29*SIN(($B2-$B38)*PI()/180)*SIN(G6*PI()/180)))/((COS($B2*PI()/180)*COS(G6*PI()/180)*SIN(G7*PI()/180))+((PI()/180)*G7*SIN($B2*PI()/180)*SIN(G6*PI()/180)))) -> 1.4312912 | H38: =(((COS(($B2-$B38)*PI()/180)*COS(H6*PI()/180)*SIN(W29*PI()/180))+((PI()/180)*W29*SIN(($B2-$B38)*PI()/180)*SIN(H6*PI()/180)))/((COS($B2*PI()/180)*COS(H6*PI()/180)*SIN(H7*PI()/180))+((PI()/180)*H7*SIN($B2*PI()/180)*SIN(H6*PI()/180)))) -> 0.81574918 | I38: =(((COS(($B2-$B38)*PI()/180)*COS(I6*PI()/180)*SIN(X29*PI()/180))+((PI()/180)*X29*SIN(($B2-$B38)*PI()/180)*SIN(I6*PI()/180)))/((COS($B2*PI()/180)*COS(I6*PI()/180)*SIN(I7*PI()/180))+((PI()/180)*I7*SIN($B2*PI()/180)*SIN(I6*PI()/180)))) -> 0.51862695 | J38: =(((COS(($B2-$B38)*PI()/180)*COS(J6*PI()/180)*SIN(Y29*PI()/180))+((PI()/180)*Y29*SIN(($B2-$B38)*PI()/180)*SIN(J6*PI()/180)))/((COS($B2*PI()/180)*COS(J6*PI()/180)*SIN(J7*PI()/180))+((PI()/180)*J7*SIN($B2*PI()/180)*SIN(J6*PI()/180)))) -> 0.41511792 | K38: =(((COS(($B2-$B38)*PI()/180)*COS(K6*PI()/180)*SIN(Z29*PI()/180))+((PI()/180)*Z29*SIN(($B2-$B38)*PI()/180)*SIN(K6*PI()/180)))/((COS($B2*PI()/180)*COS(K6*PI()/180)*SIN(K7*PI()/180))+((PI()/180)*K7*SIN($B2*PI()/180)*SIN(K6*PI()/180)))) -> 0.45895448 | L38: =(((COS(($B2-$B38)*PI()/180)*COS(L6*PI()/180)*SIN(AA29*PI()/180))+((PI()/180)*AA29*SIN(($B2-$B38)*PI()/180)*SIN(L6*PI()/180)))/((COS($B2*PI()/180)*COS(L6*PI()/180)*SIN(L7*PI()/180))+((PI()/180)*L7*SIN($B2*PI()/180)*SIN(L6*PI()/180)))) -> 0.67348962 | ... P38: =(((COS(($B2-$B38)*PI()/180)*COS(P6*PI()/180)*SIN(AE29*PI()/180))+((PI()/180)*AE29*SIN(($B2-$B38)*PI()/180)*SIN(P6*PI()/180)))/((COS($B2*PI()/180)*COS(P6*PI()/180)*SIN(P7*PI()/180))+((PI()/180)*P7*SIN($B2*PI()/180)*SIN(P6*PI()/180)))) -> 4.1069493
B39: =B38+3 -> 84 | D39: ="RbBar at Beta = "&B39 -> RbBar at Beta = 84 | E39: =(((COS(($B2-$B39)*PI()/180)*COS(E6*PI()/180)*SIN(T30*PI()/180))+((PI()/180)*T30*SIN(($B2-$B39)*PI()/180)*SIN(E6*PI()/180)))/((COS($B2*PI()/180)*COS(E6*PI()/180)*SIN(E7*PI()/180))+((PI()/180)*E7*SIN($B2*PI()/180)*SIN(E6*PI()/180)))) -> 3.5760796 | F39: =(((COS(($B2-$B39)*PI()/180)*COS(F6*PI()/180)*SIN(U30*PI()/180))+((PI()/180)*U30*SIN(($B2-$B39)*PI()/180)*SIN(F6*PI()/180)))/((COS($B2*PI()/180)*COS(F6*PI()/180)*SIN(F7*PI()/180))+((PI()/180)*F7*SIN($B2*PI()/180)*SIN(F6*PI()/180)))) -> 2.3226554 | G39: =(((COS(($B2-$B39)*PI()/180)*COS(G6*PI()/180)*SIN(V30*PI()/180))+((PI()/180)*V30*SIN(($B2-$B39)*PI()/180)*SIN(G6*PI()/180)))/((COS($B2*PI()/180)*COS(G6*PI()/180)*SIN(G7*PI()/180))+((PI()/180)*G7*SIN($B2*PI()/180)*SIN(G6*PI()/180)))) -> 1.3882056 | H39: =(((COS(($B2-$B39)*PI()/180)*COS(H6*PI()/180)*SIN(W30*PI()/180))+((PI()/180)*W30*SIN(($B2-$B39)*PI()/180)*SIN(H6*PI()/180)))/((COS($B2*PI()/180)*COS(H6*PI()/180)*SIN(H7*PI()/180))+((PI()/180)*H7*SIN($B2*PI()/180)*SIN(H6*PI()/180)))) -> 0.77021919 | I39: =(((COS(($B2-$B39)*PI()/180)*COS(I6*PI()/180)*SIN(X30*PI()/180))+((PI()/180)*X30*SIN(($B2-$B39)*PI()/180)*SIN(I6*PI()/180)))/((COS($B2*PI()/180)*COS(I6*PI()/180)*SIN(I7*PI()/180))+((PI()/180)*I7*SIN($B2*PI()/180)*SIN(I6*PI()/180)))) -> 0.47524633 | J39: =(((COS(($B2-$B39)*PI()/180)*COS(J6*PI()/180)*SIN(Y30*PI()/180))+((PI()/180)*Y30*SIN(($B2-$B39)*PI()/180)*SIN(J6*PI()/180)))/((COS($B2*PI()/180)*COS(J6*PI()/180)*SIN(J7*PI()/180))+((PI()/180)*J7*SIN($B2*PI()/180)*SIN(J6*PI()/180)))) -> 0.37351416 | K39: =(((COS(($B2-$B39)*PI()/180)*COS(K6*PI()/180)*SIN(Z30*PI()/180))+((PI()/180)*Z30*SIN(($B2-$B39)*PI()/180)*SIN(K6*PI()/180)))/((COS($B2*PI()/180)*COS(K6*PI()/180)*SIN(K7*PI()/180))+((PI()/180)*K7*SIN($B2*PI()/180)*SIN(K6*PI()/180)))) -> 0.41650846 | L39: =(((COS(($B2-$B39)*PI()/180)*COS(L6*PI()/180)*SIN(AA30*PI()/180))+((PI()/180)*AA30*SIN(($B2-$B39)*PI()/180)*SIN(L6*PI()/180)))/((COS($B2*PI()/180)*COS(L6*PI()/180)*SIN(L7*PI()/180))+((PI()/180)*L7*SIN($B2*PI()/180)*SIN(L6*PI()/180)))) -> 0.62856079 | ... P39: =(((COS(($B2-$B39)*PI()/180)*COS(P6*PI()/180)*SIN(AE30*PI()/180))+((PI()/180)*AE30*SIN(($B2-$B39)*PI()/180)*SIN(P6*PI()/180)))/((COS($B2*PI()/180)*COS(P6*PI()/180)*SIN(P7*PI()/180))+((PI()/180)*P7*SIN($B2*PI()/180)*SIN(P6*PI()/180)))) -> 4.0823758
B40: =B39+3 -> 87 | D40: ="RbBar at Beta = "&B40 -> RbBar at Beta = 87 | E40: =(((COS(($B2-$B40)*PI()/180)*COS(E6*PI()/180)*SIN(T31*PI()/180))+((PI()/180)*T31*SIN(($B2-$B40)*PI()/180)*SIN(E6*PI()/180)))/((COS($B2*PI()/180)*COS(E6*PI()/180)*SIN(E7*PI()/180))+((PI()/180)*E7*SIN($B2*PI()/180)*SIN(E6*PI()/180)))) -> 3.5382255 | F40: =(((COS(($B2-$B40)*PI()/180)*COS(F6*PI()/180)*SIN(U31*PI()/180))+((PI()/180)*U31*SIN(($B2-$B40)*PI()/180)*SIN(F6*PI()/180)))/((COS($B2*PI()/180)*COS(F6*PI()/180)*SIN(F7*PI()/180))+((PI()/180)*F7*SIN($B2*PI()/180)*SIN(F6*PI()/180)))) -> 2.2796244 | G40: =(((COS(($B2-$B40)*PI()/180)*COS(G6*PI()/180)*SIN(V31*PI()/180))+((PI()/180)*V31*SIN(($B2-$B40)*PI()/180)*SIN(G6*PI()/180)))/((COS($B2*PI()/180)*COS(G6*PI()/180)*SIN(G7*PI()/180))+((PI()/180)*G7*SIN($B2*PI()/180)*SIN(G6*PI()/180)))) -> 1.341315 | H40: =(((COS(($B2-$B40)*PI()/180)*COS(H6*PI()/180)*SIN(W31*PI()/180))+((PI()/180)*W31*SIN(($B2-$B40)*PI()/180)*SIN(H6*PI()/180)))/((COS($B2*PI()/180)*COS(H6*PI()/180)*SIN(H7*PI()/180))+((PI()/180)*H7*SIN($B2*PI()/180)*SIN(H6*PI()/180)))) -> 0.72274 | I40: =(((COS(($B2-$B40)*PI()/180)*COS(I6*PI()/180)*SIN(X31*PI()/180))+((PI()/180)*X31*SIN(($B2-$B40)*PI()/180)*SIN(I6*PI()/180)))/((COS($B2*PI()/180)*COS(I6*PI()/180)*SIN(I7*PI()/180))+((PI()/180)*I7*SIN($B2*PI()/180)*SIN(I6*PI()/180)))) -> 0.43110833 | J40: =(((COS(($B2-$B40)*PI()/180)*COS(J6*PI()/180)*SIN(Y31*PI()/180))+((PI()/180)*Y31*SIN(($B2-$B40)*PI()/180)*SIN(J6*PI()/180)))/((COS($B2*PI()/180)*COS(J6*PI()/180)*SIN(J7*PI()/180))+((PI()/180)*J7*SIN($B2*PI()/180)*SIN(J6*PI()/180)))) -> 0.33166665 | K40: =(((COS(($B2-$B40)*PI()/180)*COS(K6*PI()/180)*SIN(Z31*PI()/180))+((PI()/180)*Z31*SIN(($B2-$B40)*PI()/180)*SIN(K6*PI()/180)))/((COS($B2*PI()/180)*COS(K6*PI()/180)*SIN(K7*PI()/180))+((PI()/180)*K7*SIN($B2*PI()/180)*SIN(K6*PI()/180)))) -> 0.37359212 | L40: =(((COS(($B2-$B40)*PI()/180)*COS(L6*PI()/180)*SIN(AA31*PI()/180))+((PI()/180)*AA31*SIN(($B2-$B40)*PI()/180)*SIN(L6*PI()/180)))/((COS($B2*PI()/180)*COS(L6*PI()/180)*SIN(L7*PI()/180))+((PI()/180)*L7*SIN($B2*PI()/180)*SIN(L6*PI()/180)))) -> 0.58221403 | ... P40: =(((COS(($B2-$B40)*PI()/180)*COS(P6*PI()/180)*SIN(AE31*PI()/180))+((PI()/180)*AE31*SIN(($B2-$B40)*PI()/180)*SIN(P6*PI()/180)))/((COS($B2*PI()/180)*COS(P6*PI()/180)*SIN(P7*PI()/180))+((PI()/180)*P7*SIN($B2*PI()/180)*SIN(P6*PI()/180)))) -> 4.0466129
B41: =B40+3 -> 90 | D41: ="RbBar at Beta = "&B41 -> RbBar at Beta = 90 | E41: =(((COS(($B2-$B41)*PI()/180)*COS(E6*PI()/180)*SIN(T32*PI()/180))+((PI()/180)*T32*SIN(($B2-$B41)*PI()/180)*SIN(E6*PI()/180)))/((COS($B2*PI()/180)*COS(E6*PI()/180)*SIN(E7*PI()/180))+((PI()/180)*E7*SIN($B2*PI()/180)*SIN(E6*PI()/180)))) -> 3.4906734 | F41: =(((COS(($B2-$B41)*PI()/180)*COS(F6*PI()/180)*SIN(U32*PI()/180))+((PI()/180)*U32*SIN(($B2-$B41)*PI()/180)*SIN(F6*PI()/180)))/((COS($B2*PI()/180)*COS(F6*PI()/180)*SIN(F7*PI()/180))+((PI()/180)*F7*SIN($B2*PI()/180)*SIN(F6*PI()/180)))) -> 2.230345 | G41: =(((COS(($B2-$B41)*PI()/180)*COS(G6*PI()/180)*SIN(V32*PI()/180))+((PI()/180)*V32*SIN(($B2-$B41)*PI()/180)*SIN(G6*PI()/180)))/((COS($B2*PI()/180)*COS(G6*PI()/180)*SIN(G7*PI()/180))+((PI()/180)*G7*SIN($B2*PI()/180)*SIN(G6*PI()/180)))) -> 1.290748 | H41: =(((COS(($B2-$B41)*PI()/180)*COS(H6*PI()/180)*SIN(W32*PI()/180))+((PI()/180)*W32*SIN(($B2-$B41)*PI()/180)*SIN(H6*PI()/180)))/((COS($B2*PI()/180)*COS(H6*PI()/180)*SIN(H7*PI()/180))+((PI()/180)*H7*SIN($B2*PI()/180)*SIN(H6*PI()/180)))) -> 0.67346244 | I41: =(((COS(($B2-$B41)*PI()/180)*COS(I6*PI()/180)*SIN(X32*PI()/180))+((PI()/180)*X32*SIN(($B2-$B41)*PI()/180)*SIN(I6*PI()/180)))/((COS($B2*PI()/180)*COS(I6*PI()/180)*SIN(I7*PI()/180))+((PI()/180)*I7*SIN($B2*PI()/180)*SIN(I6*PI()/180)))) -> 0.3864073 | J41: =(((COS(($B2-$B41)*PI()/180)*COS(J6*PI()/180)*SIN(Y32*PI()/180))+((PI()/180)*Y32*SIN(($B2-$B41)*PI()/180)*SIN(J6*PI()/180)))/((COS($B2*PI()/180)*COS(J6*PI()/180)*SIN(J7*PI()/180))+((PI()/180)*J7*SIN($B2*PI()/180)*SIN(J6*PI()/180)))) -> 0.28979945 | K41: =(((COS(($B2-$B41)*PI()/180)*COS(K6*PI()/180)*SIN(Z32*PI()/180))+((PI()/180)*Z32*SIN(($B2-$B41)*PI()/180)*SIN(K6*PI()/180)))/((COS($B2*PI()/180)*COS(K6*PI()/180)*SIN(K7*PI()/180))+((PI()/180)*K7*SIN($B2*PI()/180)*SIN(K6*PI()/180)))) -> 0.33041534 | L41: =(((COS(($B2-$B41)*PI()/180)*COS(L6*PI()/180)*SIN(AA32*PI()/180))+((PI()/180)*AA32*SIN(($B2-$B41)*PI()/180)*SIN(L6*PI()/180)))/((COS($B2*PI()/180)*COS(L6*PI()/180)*SIN(L7*PI()/180))+((PI()/180)*L7*SIN($B2*PI()/180)*SIN(L6*PI()/180)))) -> 0.534616 | ... P41: =(((COS(($B2-$B41)*PI()/180)*COS(P6*PI()/180)*SIN(AE32*PI()/180))+((PI()/180)*AE32*SIN(($B2-$B41)*PI()/180)*SIN(P6*PI()/180)))/((COS($B2*PI()/180)*COS(P6*PI()/180)*SIN(P7*PI()/180))+((PI()/180)*P7*SIN($B2*PI()/180)*SIN(P6*PI()/180)))) -> 3.9997585
A42: Horizontal Surface | B42: 0 | D42: RbBar at Beta = 0 | E42: =(((COS(($B2-$B42)*PI()/180)*COS(E6*PI()/180)*SIN(T33*PI()/180))+((PI()/180)*T33*SIN(($B2-$B42)*PI()/180)*SIN(E6*PI()/180)))/((COS($B2*PI()/180)*COS(E6*PI()/180)*SIN(E7*PI()/180))+((PI()/180)*E7*SIN($B2*PI()/180)*SIN(E6*PI()/180)))) -> 1 | F42: =(((COS(($B2-$B42)*PI()/180)*COS(F6*PI()/180)*SIN(U33*PI()/180))+((PI()/180)*U33*SIN(($B2-$B42)*PI()/180)*SIN(F6*PI()/180)))/((COS($B2*PI()/180)*COS(F6*PI()/180)*SIN(F7*PI()/180))+((PI()/180)*F7*SIN($B2*PI()/180)*SIN(F6*PI()/180)))) -> 1 | G42: =(((COS(($B2-$B42)*PI()/180)*COS(G6*PI()/180)*SIN(V33*PI()/180))+((PI()/180)*V33*SIN(($B2-$B42)*PI()/180)*SIN(G6*PI()/180)))/((COS($B2*PI()/180)*COS(G6*PI()/180)*SIN(G7*PI()/180))+((PI()/180)*G7*SIN($B2*PI()/180)*SIN(G6*PI()/180)))) -> 1 | H42: =(((COS(($B2-$B42)*PI()/180)*COS(H6*PI()/180)*SIN(W33*PI()/180))+((PI()/180)*W33*SIN(($B2-$B42)*PI()/180)*SIN(H6*PI()/180)))/((COS($B2*PI()/180)*COS(H6*PI()/180)*SIN(H7*PI()/180))+((PI()/180)*H7*SIN($B2*PI()/180)*SIN(H6*PI()/180)))) -> 1 | I42: =(((COS(($B2-$B42)*PI()/180)*COS(I6*PI()/180)*SIN(X33*PI()/180))+((PI()/180)*X33*SIN(($B2-$B42)*PI()/180)*SIN(I6*PI()/180)))/((COS($B2*PI()/180)*COS(I6*PI()/180)*SIN(I7*PI()/180))+((PI()/180)*I7*SIN($B2*PI()/180)*SIN(I6*PI()/180)))) -> 1 | J42: =(((COS(($B2-$B42)*PI()/180)*COS(J6*PI()/180)*SIN(Y33*PI()/180))+((PI()/180)*Y33*SIN(($B2-$B42)*PI()/180)*SIN(J6*PI()/180)))/((COS($B2*PI()/180)*COS(J6*PI()/180)*SIN(J7*PI()/180))+((PI()/180)*J7*SIN($B2*PI()/180)*SIN(J6*PI()/180)))) -> 1 | K42: =(((COS(($B2-$B42)*PI()/180)*COS(K6*PI()/180)*SIN(Z33*PI()/180))+((PI()/180)*Z33*SIN(($B2-$B42)*PI()/180)*SIN(K6*PI()/180)))/((COS($B2*PI()/180)*COS(K6*PI()/180)*SIN(K7*PI()/180))+((PI()/180)*K7*SIN($B2*PI()/180)*SIN(K6*PI()/180)))) -> 1 | L42: =(((COS(($B2-$B42)*PI()/180)*COS(L6*PI()/180)*SIN(AA33*PI()/180))+((PI()/180)*AA33*SIN(($B2-$B42)*PI()/180)*SIN(L6*PI()/180)))/((COS($B2*PI()/180)*COS(L6*PI()/180)*SIN(L7*PI()/180))+((PI()/180)*L7*SIN($B2*PI()/180)*SIN(L6*PI()/180)))) -> 1 | M42: =(((COS(($B2-$B42)*PI()/180)*COS(M6*PI()/180)*SIN(AB33*PI()/180))+((PI()/180)*AB33*SIN(($B2-$B42)*PI()/180)*SIN(M6*PI()/180)))/((COS($B2*PI()/180)*COS(M6*PI()/180)*SIN(M7*PI()/180))+((PI()/180)*M7*SIN($B2*PI()/180)*SIN(M6*PI()/180)))) -> 1 | N42: =(((COS(($B2-$B42)*PI()/180)*COS(N6*PI()/180)*SIN(AC32*PI()/180))+((PI()/180)*AC32*SIN(($B2-$B42)*PI()/180)*SIN(N6*PI()/180)))/((COS($B2*PI()/180)*COS(N6*PI()/180)*SIN(N7*PI()/180))+((PI()/180)*N7*SIN($B2*PI()/180)*SIN(N6*PI()/180)))) -> 1 | O42: =(((COS(($B2-$B42)*PI()/180)*COS(O6*PI()/180)*SIN(AD32*PI()/180))+((PI()/180)*AD32*SIN(($B2-$B42)*PI()/180)*SIN(O6*PI()/180)))/((COS($B2*PI()/180)*COS(O6*PI()/180)*SIN(O7*PI()/180))+((PI()/180)*O7*SIN($B2*PI()/180)*SIN(O6*PI()/180)))) -> 1 | P42: =(((COS(($B2-$B42)*PI()/180)*COS(P6*PI()/180)*SIN(AE32*PI()/180))+((PI()/180)*AE32*SIN(($B2-$B42)*PI()/180)*SIN(P6*PI()/180)))/((COS($B2*PI()/180)*COS(P6*PI()/180)*SIN(P7*PI()/180))+((PI()/180)*P7*SIN($B2*PI()/180)*SIN(P6*PI()/180)))) -> 1
D43: ="HTBar at Beta = "&B12 -> HTBar at Beta = 3 | E43: =(E3*(1-E10)*E12)+(E11*((1+COS($B12*PI()/180))/2))+(E3*E4*((1-COS($B12*PI()/180))/2)) -> 5.7743719 | F43: =(F3*(1-F10)*F12)+(F11*((1+COS($B12*PI()/180))/2))+(F3*F4*((1-COS($B12*PI()/180))/2)) -> 9.095436 | G43: =(G3*(1-G10)*G12)+(G11*((1+COS($B12*PI()/180))/2))+(G3*G4*((1-COS($B12*PI()/180))/2)) -> 13.378838 | H43: =(H3*(1-H10)*H12)+(H11*((1+COS($B12*PI()/180))/2))+(H3*H4*((1-COS($B12*PI()/180))/2)) -> 17.050661 | I43: =(I3*(1-I10)*I12)+(I11*((1+COS($B12*PI()/180))/2))+(I3*I4*((1-COS($B12*PI()/180))/2)) -> 18.354799 | J43: =(J3*(1-J10)*J12)+(J11*((1+COS($B12*PI()/180))/2))+(J3*J4*((1-COS($B12*PI()/180))/2)) -> 19.676444 | K43: =(K3*(1-K10)*K12)+(K11*((1+COS($B12*PI()/180))/2))+(K3*K4*((1-COS($B12*PI()/180))/2)) -> 17.943342 | L43: =(L3*(1-L10)*L12)+(L11*((1+COS($B12*PI()/180))/2))+(L3*L4*((1-COS($B12*PI()/180))/2)) -> 16.242089 | ... P43: =(P3*(1-P10)*P12)+(P11*((1+COS($B12*PI()/180))/2))+(P3*P4*((1-COS($B12*PI()/180))/2)) -> 4.4748018
D44: ="HTBar at Beta = "&B13 -> HTBar at Beta = 6 | E44: =(E3*(1-E10)*E13)+(E11*((1+COS($B13*PI()/180))/2))+(E3*E4*((1-COS($B13*PI()/180))/2)) -> 6.3537596 | F44: =(F3*(1-F10)*F13)+(F11*((1+COS($B13*PI()/180))/2))+(F3*F4*((1-COS($B13*PI()/180))/2)) -> 9.7132286 | G44: =(G3*(1-G10)*G13)+(G11*((1+COS($B13*PI()/180))/2))+(G3*G4*((1-COS($B13*PI()/180))/2)) -> 13.880978 | H44: =(H3*(1-H10)*H13)+(H11*((1+COS($B13*PI()/180))/2))+(H3*H4*((1-COS($B13*PI()/180))/2)) -> 17.331982 | I44: =(I3*(1-I10)*I13)+(I11*((1+COS($B13*PI()/180))/2))+(I3*I4*((1-COS($B13*PI()/180))/2)) -> 18.429786 | J44: =(J3*(1-J10)*J13)+(J11*((1+COS($B13*PI()/180))/2))+(J3*J4*((1-COS($B13*PI()/180))/2)) -> 19.671856 | K44: =(K3*(1-K10)*K13)+(K11*((1+COS($B13*PI()/180))/2))+(K3*K4*((1-COS($B13*PI()/180))/2)) -> 17.97005 | L44: =(L3*(1-L10)*L13)+(L11*((1+COS($B13*PI()/180))/2))+(L3*L4*((1-COS($B13*PI()/180))/2)) -> 16.400056 | ... P44: =(P3*(1-P10)*P13)+(P11*((1+COS($B13*PI()/180))/2))+(P3*P4*((1-COS($B13*PI()/180))/2)) -> 4.9451903
D45: ="HTBar at Beta = "&B14 -> HTBar at Beta = 9 | E45: =(E3*(1-E10)*E14)+(E11*((1+COS($B14*PI()/180))/2))+(E3*E4*((1-COS($B14*PI()/180))/2)) -> 6.9205751 | F45: =(F3*(1-F10)*F14)+(F11*((1+COS($B14*PI()/180))/2))+(F3*F4*((1-COS($B14*PI()/180))/2)) -> 10.311685 | G45: =(G3*(1-G10)*G14)+(G11*((1+COS($B14*PI()/180))/2))+(G3*G4*((1-COS($B14*PI()/180))/2)) -> 14.357044 | H45: =(H3*(1-H10)*H14)+(H11*((1+COS($B14*PI()/180))/2))+(H3*H4*((1-COS($B14*PI()/180))/2)) -> 17.582824 | I45: =(I3*(1-I10)*I14)+(I11*((1+COS($B14*PI()/180))/2))+(I3*I4*((1-COS($B14*PI()/180))/2)) -> 18.475412 | J45: =(J3*(1-J10)*J14)+(J11*((1+COS($B14*PI()/180))/2))+(J3*J4*((1-COS($B14*PI()/180))/2)) -> 19.640022 | K45: =(K3*(1-K10)*K14)+(K11*((1+COS($B14*PI()/180))/2))+(K3*K4*((1-COS($B14*PI()/180))/2)) -> 17.970451 | L45: =(L3*(1-L10)*L14)+(L11*((1+COS($B14*PI()/180))/2))+(L3*L4*((1-COS($B14*PI()/180))/2)) -> 16.528853 | ... P45: =(P3*(1-P10)*P14)+(P11*((1+COS($B14*PI()/180))/2))+(P3*P4*((1-COS($B14*PI()/180))/2)) -> 5.4058763
D46: ="HTBar at Beta = "&B15 -> HTBar at Beta = 12 | E46: =(E3*(1-E10)*E15)+(E11*((1+COS($B15*PI()/180))/2))+(E3*E4*((1-COS($B15*PI()/180))/2)) -> 7.4732648 | F46: =(F3*(1-F10)*F15)+(F11*((1+COS($B15*PI()/180))/2))+(F3*F4*((1-COS($B15*PI()/180))/2)) -> 10.889164 | G46: =(G3*(1-G10)*G15)+(G11*((1+COS($B15*PI()/180))/2))+(G3*G4*((1-COS($B15*PI()/180))/2)) -> 14.805733 | H46: =(H3*(1-H10)*H15)+(H11*((1+COS($B15*PI()/180))/2))+(H3*H4*((1-COS($B15*PI()/180))/2)) -> 17.802215 | I46: =(I3*(1-I10)*I15)+(I11*((1+COS($B15*PI()/180))/2))+(I3*I4*((1-COS($B15*PI()/180))/2)) -> 18.490525 | J46: =(J3*(1-J10)*J15)+(J11*((1+COS($B15*PI()/180))/2))+(J3*J4*((1-COS($B15*PI()/180))/2)) -> 19.579358 | K46: =(K3*(1-K10)*K15)+(K11*((1+COS($B15*PI()/180))/2))+(K3*K4*((1-COS($B15*PI()/180))/2)) -> 17.943332 | L46: =(L3*(1-L10)*L15)+(L11*((1+COS($B15*PI()/180))/2))+(L3*L4*((1-COS($B15*PI()/180))/2)) -> 16.627652 | ... P46: =(P3*(1-P10)*P15)+(P11*((1+COS($B15*PI()/180))/2))+(P3*P4*((1-COS($B15*PI()/180))/2)) -> 5.8555969
D47: ="HTBar at Beta = "&B16 -> HTBar at Beta = 15 | E47: =(E3*(1-E10)*E16)+(E11*((1+COS($B16*PI()/180))/2))+(E3*E4*((1-COS($B16*PI()/180))/2)) -> 8.0103137 | F47: =(F3*(1-F10)*F16)+(F11*((1+COS($B16*PI()/180))/2))+(F3*F4*((1-COS($B16*PI()/180))/2)) -> 11.444083 | G47: =(G3*(1-G10)*G16)+(G11*((1+COS($B16*PI()/180))/2))+(G3*G4*((1-COS($B16*PI()/180))/2)) -> 15.225812 | H47: =(H3*(1-H10)*H16)+(H11*((1+COS($B16*PI()/180))/2))+(H3*H4*((1-COS($B16*PI()/180))/2)) -> 17.98933 | I47: =(I3*(1-I10)*I16)+(I11*((1+COS($B16*PI()/180))/2))+(I3*I4*((1-COS($B16*PI()/180))/2)) -> 18.474288 | J47: =(J3*(1-J10)*J16)+(J11*((1+COS($B16*PI()/180))/2))+(J3*J4*((1-COS($B16*PI()/180))/2)) -> 19.488748 | K47: =(K3*(1-K10)*K16)+(K11*((1+COS($B16*PI()/180))/2))+(K3*K4*((1-COS($B16*PI()/180))/2)) -> 17.887835 | L47: =(L3*(1-L10)*L16)+(L11*((1+COS($B16*PI()/180))/2))+(L3*L4*((1-COS($B16*PI()/180))/2)) -> 16.695809 | ... P47: =(P3*(1-P10)*P16)+(P11*((1+COS($B16*PI()/180))/2))+(P3*P4*((1-COS($B16*PI()/180))/2)) -> 6.2931197
D48: ="HTBar at Beta = "&B17 -> HTBar at Beta = 18 | E48: =(E3*(1-E10)*E17)+(E11*((1+COS($B17*PI()/180))/2))+(E3*E4*((1-COS($B17*PI()/180))/2)) -> 8.5302499 | F48: =(F3*(1-F10)*F17)+(F11*((1+COS($B17*PI()/180))/2))+(F3*F4*((1-COS($B17*PI()/180))/2)) -> 11.974922 | G48: =(G3*(1-G10)*G17)+(G11*((1+COS($B17*PI()/180))/2))+(G3*G4*((1-COS($B17*PI()/180))/2)) -> 15.616132 | H48: =(H3*(1-H10)*H17)+(H11*((1+COS($B17*PI()/180))/2))+(H3*H4*((1-COS($B17*PI()/180))/2)) -> 18.143478 | I48: =(I3*(1-I10)*I17)+(I11*((1+COS($B17*PI()/180))/2))+(I3*I4*((1-COS($B17*PI()/180))/2)) -> 18.426122 | J48: =(J3*(1-J10)*J17)+(J11*((1+COS($B17*PI()/180))/2))+(J3*J4*((1-COS($B17*PI()/180))/2)) -> 19.367441 | K48: =(K3*(1-K10)*K17)+(K11*((1+COS($B17*PI()/180))/2))+(K3*K4*((1-COS($B17*PI()/180))/2)) -> 17.80338 | L48: =(L3*(1-L10)*L17)+(L11*((1+COS($B17*PI()/180))/2))+(L3*L4*((1-COS($B17*PI()/180))/2)) -> 16.732844 | ... P48: =(P3*(1-P10)*P17)+(P11*((1+COS($B17*PI()/180))/2))+(P3*P4*((1-COS($B17*PI()/180))/2)) -> 6.7172454
D49: ="HTBar at Beta = "&B18 -> HTBar at Beta = 21 | E49: =(E3*(1-E10)*E18)+(E11*((1+COS($B18*PI()/180))/2))+(E3*E4*((1-COS($B18*PI()/180))/2)) -> 9.0316482 | F49: =(F3*(1-F10)*F18)+(F11*((1+COS($B18*PI()/180))/2))+(F3*F4*((1-COS($B18*PI()/180))/2)) -> 12.480224 | G49: =(G3*(1-G10)*G18)+(G11*((1+COS($B18*PI()/180))/2))+(G3*G4*((1-COS($B18*PI()/180))/2)) -> 15.975623 | H49: =(H3*(1-H10)*H18)+(H11*((1+COS($B18*PI()/180))/2))+(H3*H4*((1-COS($B18*PI()/180))/2)) -> 18.264094 | I49: =(I3*(1-I10)*I18)+(I11*((1+COS($B18*PI()/180))/2))+(I3*I4*((1-COS($B18*PI()/180))/2)) -> 18.345659 | J49: =(J3*(1-J10)*J18)+(J11*((1+COS($B18*PI()/180))/2))+(J3*J4*((1-COS($B18*PI()/180))/2)) -> 19.214982 | K49: =(K3*(1-K10)*K18)+(K11*((1+COS($B18*PI()/180))/2))+(K3*K4*((1-COS($B18*PI()/180))/2)) -> 17.689619 | L49: =(L3*(1-L10)*L18)+(L11*((1+COS($B18*PI()/180))/2))+(L3*L4*((1-COS($B18*PI()/180))/2)) -> 16.738419 | ... P49: =(P3*(1-P10)*P18)+(P11*((1+COS($B18*PI()/180))/2))+(P3*P4*((1-COS($B18*PI()/180))/2)) -> 7.1268114
D50: ="HTBar at Beta = "&B19 -> HTBar at Beta = 24 | E50: =(E3*(1-E10)*E19)+(E11*((1+COS($B19*PI()/180))/2))+(E3*E4*((1-COS($B19*PI()/180))/2)) -> 9.5131344 | F50: =(F3*(1-F10)*F19)+(F11*((1+COS($B19*PI()/180))/2))+(F3*F4*((1-COS($B19*PI()/180))/2)) -> 12.958606 | G50: =(G3*(1-G10)*G19)+(G11*((1+COS($B19*PI()/180))/2))+(G3*G4*((1-COS($B19*PI()/180))/2)) -> 16.303298 | H50: =(H3*(1-H10)*H19)+(H11*((1+COS($B19*PI()/180))/2))+(H3*H4*((1-COS($B19*PI()/180))/2)) -> 18.350733 | I50: =(I3*(1-I10)*I19)+(I11*((1+COS($B19*PI()/180))/2))+(I3*I4*((1-COS($B19*PI()/180))/2)) -> 18.232723 | J50: =(J3*(1-J10)*J19)+(J11*((1+COS($B19*PI()/180))/2))+(J3*J4*((1-COS($B19*PI()/180))/2)) -> 19.031159 | K50: =(K3*(1-K10)*K19)+(K11*((1+COS($B19*PI()/180))/2))+(K3*K4*((1-COS($B19*PI()/180))/2)) -> 17.546403 | L50: =(L3*(1-L10)*L19)+(L11*((1+COS($B19*PI()/180))/2))+(L3*L4*((1-COS($B19*PI()/180))/2)) -> 16.71233 | ... P50: =(P3*(1-P10)*P19)+(P11*((1+COS($B19*PI()/180))/2))+(P3*P4*((1-COS($B19*PI()/180))/2)) -> 7.5206951
D51: ="HTBar at Beta = "&B20 -> HTBar at Beta = 27 | E51: =(E3*(1-E10)*E20)+(E11*((1+COS($B20*PI()/180))/2))+(E3*E4*((1-COS($B20*PI()/180))/2)) -> 9.9733887 | F51: =(F3*(1-F10)*F20)+(F11*((1+COS($B20*PI()/180))/2))+(F3*F4*((1-COS($B20*PI()/180))/2)) -> 13.408756 | G51: =(G3*(1-G10)*G20)+(G11*((1+COS($B20*PI()/180))/2))+(G3*G4*((1-COS($B20*PI()/180))/2)) -> 16.598261 | H51: =(H3*(1-H10)*H20)+(H11*((1+COS($B20*PI()/180))/2))+(H3*H4*((1-COS($B20*PI()/180))/2)) -> 18.403063 | I51: =(I3*(1-I10)*I20)+(I11*((1+COS($B20*PI()/180))/2))+(I3*I4*((1-COS($B20*PI()/180))/2)) -> 18.087302 | J51: =(J3*(1-J10)*J20)+(J11*((1+COS($B20*PI()/180))/2))+(J3*J4*((1-COS($B20*PI()/180))/2)) -> 18.815973 | K51: =(K3*(1-K10)*K20)+(K11*((1+COS($B20*PI()/180))/2))+(K3*K4*((1-COS($B20*PI()/180))/2)) -> 17.373752 | L51: =(L3*(1-L10)*L20)+(L11*((1+COS($B20*PI()/180))/2))+(L3*L4*((1-COS($B20*PI()/180))/2)) -> 16.654495 | ... P51: =(P3*(1-P10)*P20)+(P11*((1+COS($B20*PI()/180))/2))+(P3*P4*((1-COS($B20*PI()/180))/2)) -> 7.8978171
D52: ="HTBar at Beta = "&B21 -> HTBar at Beta = 30 | E52: =(E3*(1-E10)*E21)+(E11*((1+COS($B21*PI()/180))/2))+(E3*E4*((1-COS($B21*PI()/180))/2)) -> 10.41115 | F52: =(F3*(1-F10)*F21)+(F11*((1+COS($B21*PI()/180))/2))+(F3*F4*((1-COS($B21*PI()/180))/2)) -> 13.82944 | G52: =(G3*(1-G10)*G21)+(G11*((1+COS($B21*PI()/180))/2))+(G3*G4*((1-COS($B21*PI()/180))/2)) -> 16.859702 | H52: =(H3*(1-H10)*H21)+(H11*((1+COS($B21*PI()/180))/2))+(H3*H4*((1-COS($B21*PI()/180))/2)) -> 18.420867 | I52: =(I3*(1-I10)*I21)+(I11*((1+COS($B21*PI()/180))/2))+(I3*I4*((1-COS($B21*PI()/180))/2)) -> 17.909537 | J52: =(J3*(1-J10)*J21)+(J11*((1+COS($B21*PI()/180))/2))+(J3*J4*((1-COS($B21*PI()/180))/2)) -> 18.569612 | K52: =(K3*(1-K10)*K21)+(K11*((1+COS($B21*PI()/180))/2))+(K3*K4*((1-COS($B21*PI()/180))/2)) -> 17.171841 | L52: =(L3*(1-L10)*L21)+(L11*((1+COS($B21*PI()/180))/2))+(L3*L4*((1-COS($B21*PI()/180))/2)) -> 16.564949 | ... P52: =(P3*(1-P10)*P21)+(P11*((1+COS($B21*PI()/180))/2))+(P3*P4*((1-COS($B21*PI()/180))/2)) -> 8.2571435
D53: ="HTBar at Beta = "&B22 -> HTBar at Beta = 33 | E53: =(E3*(1-E10)*E22)+(E11*((1+COS($B22*PI()/180))/2))+(E3*E4*((1-COS($B22*PI()/180))/2)) -> 10.825217 | F53: =(F3*(1-F10)*F22)+(F11*((1+COS($B22*PI()/180))/2))+(F3*F4*((1-COS($B22*PI()/180))/2)) -> 14.219506 | G53: =(G3*(1-G10)*G22)+(G11*((1+COS($B22*PI()/180))/2))+(G3*G4*((1-COS($B22*PI()/180))/2)) -> 17.086904 | H53: =(H3*(1-H10)*H22)+(H11*((1+COS($B22*PI()/180))/2))+(H3*H4*((1-COS($B22*PI()/180))/2)) -> 18.404035 | I53: =(I3*(1-I10)*I22)+(I11*((1+COS($B22*PI()/180))/2))+(I3*I4*((1-COS($B22*PI()/180))/2)) -> 17.699709 | J53: =(J3*(1-J10)*J22)+(J11*((1+COS($B22*PI()/180))/2))+(J3*J4*((1-COS($B22*PI()/180))/2)) -> 18.292428 | K53: =(K3*(1-K10)*K22)+(K11*((1+COS($B22*PI()/180))/2))+(K3*K4*((1-COS($B22*PI()/180))/2)) -> 16.940985 | L53: =(L3*(1-L10)*L22)+(L11*((1+COS($B22*PI()/180))/2))+(L3*L4*((1-COS($B22*PI()/180))/2)) -> 16.443837 | ... P53: =(P3*(1-P10)*P22)+(P11*((1+COS($B22*PI()/180))/2))+(P3*P4*((1-COS($B22*PI()/180))/2)) -> 8.5976895
D54: ="HTBar at Beta = "&B23 -> HTBar at Beta = 36 | E54: =(E3*(1-E10)*E23)+(E11*((1+COS($B23*PI()/180))/2))+(E3*E4*((1-COS($B23*PI()/180))/2)) -> 11.214457 | F54: =(F3*(1-F10)*F23)+(F11*((1+COS($B23*PI()/180))/2))+(F3*F4*((1-COS($B23*PI()/180))/2)) -> 14.577883 | G54: =(G3*(1-G10)*G23)+(G11*((1+COS($B23*PI()/180))/2))+(G3*G4*((1-COS($B23*PI()/180))/2)) -> 17.279246 | H54: =(H3*(1-H10)*H23)+(H11*((1+COS($B23*PI()/180))/2))+(H3*H4*((1-COS($B23*PI()/180))/2)) -> 18.352564 | I54: =(I3*(1-I10)*I23)+(I11*((1+COS($B23*PI()/180))/2))+(I3*I4*((1-COS($B23*PI()/180))/2)) -> 17.458228 | J54: =(J3*(1-J10)*J23)+(J11*((1+COS($B23*PI()/180))/2))+(J3*J4*((1-COS($B23*PI()/180))/2)) -> 17.984925 | K54: =(K3*(1-K10)*K23)+(K11*((1+COS($B23*PI()/180))/2))+(K3*K4*((1-COS($B23*PI()/180))/2)) -> 16.681628 | L54: =(L3*(1-L10)*L23)+(L11*((1+COS($B23*PI()/180))/2))+(L3*L4*((1-COS($B23*PI()/180))/2)) -> 16.291414 | ... P54: =(P3*(1-P10)*P23)+(P11*((1+COS($B23*PI()/180))/2))+(P3*P4*((1-COS($B23*PI()/180))/2)) -> 8.9185218
D55: ="HTBar at Beta = "&B24 -> HTBar at Beta = 39 | E55: =(E3*(1-E10)*E24)+(E11*((1+COS($B24*PI()/180))/2))+(E3*E4*((1-COS($B24*PI()/180))/2)) -> 11.577801 | F55: =(F3*(1-F10)*F24)+(F11*((1+COS($B24*PI()/180))/2))+(F3*F4*((1-COS($B24*PI()/180))/2)) -> 14.90359 | G55: =(G3*(1-G10)*G24)+(G11*((1+COS($B24*PI()/180))/2))+(G3*G4*((1-COS($B24*PI()/180))/2)) -> 17.4362 | H55: =(H3*(1-H10)*H24)+(H11*((1+COS($B24*PI()/180))/2))+(H3*H4*((1-COS($B24*PI()/180))/2)) -> 18.266559 | I55: =(I3*(1-I10)*I24)+(I11*((1+COS($B24*PI()/180))/2))+(I3*I4*((1-COS($B24*PI()/180))/2)) -> 17.185628 | J55: =(J3*(1-J10)*J24)+(J11*((1+COS($B24*PI()/180))/2))+(J3*J4*((1-COS($B24*PI()/180))/2)) -> 17.647748 | K55: =(K3*(1-K10)*K24)+(K11*((1+COS($B24*PI()/180))/2))+(K3*K4*((1-COS($B24*PI()/180))/2)) -> 16.394333 | L55: =(L3*(1-L10)*L24)+(L11*((1+COS($B24*PI()/180))/2))+(L3*L4*((1-COS($B24*PI()/180))/2)) -> 16.108034 | ... P55: =(P3*(1-P10)*P24)+(P11*((1+COS($B24*PI()/180))/2))+(P3*P4*((1-COS($B24*PI()/180))/2)) -> 9.2187608
D56: ="HTBar at Beta = "&B25 -> HTBar at Beta = 42 | E56: =(E3*(1-E10)*E25)+(E11*((1+COS($B25*PI()/180))/2))+(E3*E4*((1-COS($B25*PI()/180))/2)) -> 11.914254 | F56: =(F3*(1-F10)*F25)+(F11*((1+COS($B25*PI()/180))/2))+(F3*F4*((1-COS($B25*PI()/180))/2)) -> 15.195734 | G56: =(G3*(1-G10)*G25)+(G11*((1+COS($B25*PI()/180))/2))+(G3*G4*((1-COS($B25*PI()/180))/2)) -> 17.557336 | H56: =(H3*(1-H10)*H25)+(H11*((1+COS($B25*PI()/180))/2))+(H3*H4*((1-COS($B25*PI()/180))/2)) -> 18.146226 | I56: =(I3*(1-I10)*I25)+(I11*((1+COS($B25*PI()/180))/2))+(I3*I4*((1-COS($B25*PI()/180))/2)) -> 16.882561 | J56: =(J3*(1-J10)*J25)+(J11*((1+COS($B25*PI()/180))/2))+(J3*J4*((1-COS($B25*PI()/180))/2)) -> 17.281671 | K56: =(K3*(1-K10)*K25)+(K11*((1+COS($B25*PI()/180))/2))+(K3*K4*((1-COS($B25*PI()/180))/2)) -> 16.079777 | L56: =(L3*(1-L10)*L25)+(L11*((1+COS($B25*PI()/180))/2))+(L3*L4*((1-COS($B25*PI()/180))/2)) -> 15.894155 | ... P56: =(P3*(1-P10)*P25)+(P11*((1+COS($B25*PI()/180))/2))+(P3*P4*((1-COS($B25*PI()/180))/2)) -> 9.4975838
D57: ="HTBar at Beta = "&B26 -> HTBar at Beta = 45 | E57: =(E3*(1-E10)*E26)+(E11*((1+COS($B26*PI()/180))/2))+(E3*E4*((1-COS($B26*PI()/180))/2)) -> 12.222895 | F57: =(F3*(1-F10)*F26)+(F11*((1+COS($B26*PI()/180))/2))+(F3*F4*((1-COS($B26*PI()/180))/2)) -> 15.453514 | G57: =(G3*(1-G10)*G26)+(G11*((1+COS($B26*PI()/180))/2))+(G3*G4*((1-COS($B26*PI()/180))/2)) -> 17.642321 | H57: =(H3*(1-H10)*H26)+(H11*((1+COS($B26*PI()/180))/2))+(H3*H4*((1-COS($B26*PI()/180))/2)) -> 17.991876 | I57: =(I3*(1-I10)*I26)+(I11*((1+COS($B26*PI()/180))/2))+(I3*I4*((1-COS($B26*PI()/180))/2)) -> 16.549789 | J57: =(J3*(1-J10)*J26)+(J11*((1+COS($B26*PI()/180))/2))+(J3*J4*((1-COS($B26*PI()/180))/2)) -> 16.887595 | K57: =(K3*(1-K10)*K26)+(K11*((1+COS($B26*PI()/180))/2))+(K3*K4*((1-COS($B26*PI()/180))/2)) -> 15.738745 | L57: =(L3*(1-L10)*L26)+(L11*((1+COS($B26*PI()/180))/2))+(L3*L4*((1-COS($B26*PI()/180))/2)) -> 15.65033 | ... P57: =(P3*(1-P10)*P26)+(P11*((1+COS($B26*PI()/180))/2))+(P3*P4*((1-COS($B26*PI()/180))/2)) -> 9.7542263
D58: ="HTBar at Beta = "&B27 -> HTBar at Beta = 48 | E58: =(E3*(1-E10)*E27)+(E11*((1+COS($B27*PI()/180))/2))+(E3*E4*((1-COS($B27*PI()/180))/2)) -> 12.502876 | F58: =(F3*(1-F10)*F27)+(F11*((1+COS($B27*PI()/180))/2))+(F3*F4*((1-COS($B27*PI()/180))/2)) -> 15.676223 | G58: =(G3*(1-G10)*G27)+(G11*((1+COS($B27*PI()/180))/2))+(G3*G4*((1-COS($B27*PI()/180))/2)) -> 17.690923 | H58: =(H3*(1-H10)*H27)+(H11*((1+COS($B27*PI()/180))/2))+(H3*H4*((1-COS($B27*PI()/180))/2)) -> 17.803919 | I58: =(I3*(1-I10)*I27)+(I11*((1+COS($B27*PI()/180))/2))+(I3*I4*((1-COS($B27*PI()/180))/2)) -> 16.188183 | J58: =(J3*(1-J10)*J27)+(J11*((1+COS($B27*PI()/180))/2))+(J3*J4*((1-COS($B27*PI()/180))/2)) -> 16.466534 | K58: =(K3*(1-K10)*K27)+(K11*((1+COS($B27*PI()/180))/2))+(K3*K4*((1-COS($B27*PI()/180))/2)) -> 15.372123 | L58: =(L3*(1-L10)*L27)+(L11*((1+COS($B27*PI()/180))/2))+(L3*L4*((1-COS($B27*PI()/180))/2)) -> 15.377207 | ... P58: =(P3*(1-P10)*P27)+(P11*((1+COS($B27*PI()/180))/2))+(P3*P4*((1-COS($B27*PI()/180))/2)) -> 9.9879851
D59: ="HTBar at Beta = "&B28 -> HTBar at Beta = 51 | E59: =(E3*(1-E10)*E28)+(E11*((1+COS($B28*PI()/180))/2))+(E3*E4*((1-COS($B28*PI()/180))/2)) -> 12.75343 | F59: =(F3*(1-F10)*F28)+(F11*((1+COS($B28*PI()/180))/2))+(F3*F4*((1-COS($B28*PI()/180))/2)) -> 15.863252 | G59: =(G3*(1-G10)*G28)+(G11*((1+COS($B28*PI()/180))/2))+(G3*G4*((1-COS($B28*PI()/180))/2)) -> 17.703009 | H59: =(H3*(1-H10)*H28)+(H11*((1+COS($B28*PI()/180))/2))+(H3*H4*((1-COS($B28*PI()/180))/2)) -> 17.582866 | I59: =(I3*(1-I10)*I28)+(I11*((1+COS($B28*PI()/180))/2))+(I3*I4*((1-COS($B28*PI()/180))/2)) -> 15.798718 | J59: =(J3*(1-J10)*J28)+(J11*((1+COS($B28*PI()/180))/2))+(J3*J4*((1-COS($B28*PI()/180))/2)) -> 16.019617 | K59: =(K3*(1-K10)*K28)+(K11*((1+COS($B28*PI()/180))/2))+(K3*K4*((1-COS($B28*PI()/180))/2)) -> 14.980898 | L59: =(L3*(1-L10)*L28)+(L11*((1+COS($B28*PI()/180))/2))+(L3*L4*((1-COS($B28*PI()/180))/2)) -> 15.075526 | ... P59: =(P3*(1-P10)*P28)+(P11*((1+COS($B28*PI()/180))/2))+(P3*P4*((1-COS($B28*PI()/180))/2)) -> 10.198219
D60: ="HTBar at Beta = "&B29 -> HTBar at Beta = 54 | E60: =(E3*(1-E10)*E29)+(E11*((1+COS($B29*PI()/180))/2))+(E3*E4*((1-COS($B29*PI()/180))/2)) -> 12.973872 | F60: =(F3*(1-F10)*F29)+(F11*((1+COS($B29*PI()/180))/2))+(F3*F4*((1-COS($B29*PI()/180))/2)) -> 16.014088 | G60: =(G3*(1-G10)*G29)+(G11*((1+COS($B29*PI()/180))/2))+(G3*G4*((1-COS($B29*PI()/180))/2)) -> 17.678545 | H60: =(H3*(1-H10)*H29)+(H11*((1+COS($B29*PI()/180))/2))+(H3*H4*((1-COS($B29*PI()/180))/2)) -> 17.329324 | I60: =(I3*(1-I10)*I29)+(I11*((1+COS($B29*PI()/180))/2))+(I3*I4*((1-COS($B29*PI()/180))/2)) -> 15.382469 | J60: =(J3*(1-J10)*J29)+(J11*((1+COS($B29*PI()/180))/2))+(J3*J4*((1-COS($B29*PI()/180))/2)) -> 15.548082 | K60: =(K3*(1-K10)*K29)+(K11*((1+COS($B29*PI()/180))/2))+(K3*K4*((1-COS($B29*PI()/180))/2)) -> 14.56615 | L60: =(L3*(1-L10)*L29)+(L11*((1+COS($B29*PI()/180))/2))+(L3*L4*((1-COS($B29*PI()/180))/2)) -> 14.746119 | ... P60: =(P3*(1-P10)*P29)+(P11*((1+COS($B29*PI()/180))/2))+(P3*P4*((1-COS($B29*PI()/180))/2)) -> 10.384353
D61: ="HTBar at Beta = "&B30 -> HTBar at Beta = 57 | E61: =(E3*(1-E10)*E30)+(E11*((1+COS($B30*PI()/180))/2))+(E3*E4*((1-COS($B30*PI()/180))/2)) -> 13.163595 | F61: =(F3*(1-F10)*F30)+(F11*((1+COS($B30*PI()/180))/2))+(F3*F4*((1-COS($B30*PI()/180))/2)) -> 16.128316 | G61: =(G3*(1-G10)*G30)+(G11*((1+COS($B30*PI()/180))/2))+(G3*G4*((1-COS($B30*PI()/180))/2)) -> 17.617598 | H61: =(H3*(1-H10)*H30)+(H11*((1+COS($B30*PI()/180))/2))+(H3*H4*((1-COS($B30*PI()/180))/2)) -> 17.043998 | I61: =(I3*(1-I10)*I30)+(I11*((1+COS($B30*PI()/180))/2))+(I3*I4*((1-COS($B30*PI()/180))/2)) -> 14.940609 | J61: =(J3*(1-J10)*J30)+(J11*((1+COS($B30*PI()/180))/2))+(J3*J4*((1-COS($B30*PI()/180))/2)) -> 15.05327 | K61: =(K3*(1-K10)*K30)+(K11*((1+COS($B30*PI()/180))/2))+(K3*K4*((1-COS($B30*PI()/180))/2)) -> 14.129054 | L61: =(L3*(1-L10)*L30)+(L11*((1+COS($B30*PI()/180))/2))+(L3*L4*((1-COS($B30*PI()/180))/2)) -> 14.389904 | ... P61: =(P3*(1-P10)*P30)+(P11*((1+COS($B30*PI()/180))/2))+(P3*P4*((1-COS($B30*PI()/180))/2)) -> 10.545876
D62: ="HTBar at Beta = "&B31 -> HTBar at Beta = 60 | E62: =(E3*(1-E10)*E31)+(E11*((1+COS($B31*PI()/180))/2))+(E3*E4*((1-COS($B31*PI()/180))/2)) -> 13.322082 | F62: =(F3*(1-F10)*F31)+(F11*((1+COS($B31*PI()/180))/2))+(F3*F4*((1-COS($B31*PI()/180))/2)) -> 16.205625 | G62: =(G3*(1-G10)*G31)+(G11*((1+COS($B31*PI()/180))/2))+(G3*G4*((1-COS($B31*PI()/180))/2)) -> 17.520336 | H62: =(H3*(1-H10)*H31)+(H11*((1+COS($B31*PI()/180))/2))+(H3*H4*((1-COS($B31*PI()/180))/2)) -> 16.727688 | I62: =(I3*(1-I10)*I31)+(I11*((1+COS($B31*PI()/180))/2))+(I3*I4*((1-COS($B31*PI()/180))/2)) -> 14.474407 | J62: =(J3*(1-J10)*J31)+(J11*((1+COS($B31*PI()/180))/2))+(J3*J4*((1-COS($B31*PI()/180))/2)) -> 14.536627 | K62: =(K3*(1-K10)*K31)+(K11*((1+COS($B31*PI()/180))/2))+(K3*K4*((1-COS($B31*PI()/180))/2)) -> 13.670874 | L62: =(L3*(1-L10)*L31)+(L11*((1+COS($B31*PI()/180))/2))+(L3*L4*((1-COS($B31*PI()/180))/2)) -> 14.007885 | ... P62: =(P3*(1-P10)*P31)+(P11*((1+COS($B31*PI()/180))/2))+(P3*P4*((1-COS($B31*PI()/180))/2)) -> 10.682345
D63: ="HTBar at Beta = "&B32 -> HTBar at Beta = 63 | E63: =(E3*(1-E10)*E32)+(E11*((1+COS($B32*PI()/180))/2))+(E3*E4*((1-COS($B32*PI()/180))/2)) -> 13.448896 | F63: =(F3*(1-F10)*F32)+(F11*((1+COS($B32*PI()/180))/2))+(F3*F4*((1-COS($B32*PI()/180))/2)) -> 16.245802 | G63: =(G3*(1-G10)*G32)+(G11*((1+COS($B32*PI()/180))/2))+(G3*G4*((1-COS($B32*PI()/180))/2)) -> 17.387026 | H63: =(H3*(1-H10)*H32)+(H11*((1+COS($B32*PI()/180))/2))+(H3*H4*((1-COS($B32*PI()/180))/2)) -> 16.381285 | I63: =(I3*(1-I10)*I32)+(I11*((1+COS($B32*PI()/180))/2))+(I3*I4*((1-COS($B32*PI()/180))/2)) -> 13.985226 | J63: =(J3*(1-J10)*J32)+(J11*((1+COS($B32*PI()/180))/2))+(J3*J4*((1-COS($B32*PI()/180))/2)) -> 13.999701 | K63: =(K3*(1-K10)*K32)+(K11*((1+COS($B32*PI()/180))/2))+(K3*K4*((1-COS($B32*PI()/180))/2)) -> 13.192964 | L63: =(L3*(1-L10)*L32)+(L11*((1+COS($B32*PI()/180))/2))+(L3*L4*((1-COS($B32*PI()/180))/2)) -> 13.60115 | ... P63: =(P3*(1-P10)*P32)+(P11*((1+COS($B32*PI()/180))/2))+(P3*P4*((1-COS($B32*PI()/180))/2)) -> 10.793386
D64: ="HTBar at Beta = "&B33 -> HTBar at Beta = 66 | E64: =(E3*(1-E10)*E33)+(E11*((1+COS($B33*PI()/180))/2))+(E3*E4*((1-COS($B33*PI()/180))/2)) -> 13.543691 | F64: =(F3*(1-F10)*F33)+(F11*((1+COS($B33*PI()/180))/2))+(F3*F4*((1-COS($B33*PI()/180))/2)) -> 16.248737 | G64: =(G3*(1-G10)*G33)+(G11*((1+COS($B33*PI()/180))/2))+(G3*G4*((1-COS($B33*PI()/180))/2)) -> 17.218031 | H64: =(H3*(1-H10)*H33)+(H11*((1+COS($B33*PI()/180))/2))+(H3*H4*((1-COS($B33*PI()/180))/2)) -> 16.005774 | I64: =(I3*(1-I10)*I33)+(I11*((1+COS($B33*PI()/180))/2))+(I3*I4*((1-COS($B33*PI()/180))/2)) -> 13.474522 | J64: =(J3*(1-J10)*J33)+(J11*((1+COS($B33*PI()/180))/2))+(J3*J4*((1-COS($B33*PI()/180))/2)) -> 13.444143 | K64: =(K3*(1-K10)*K33)+(K11*((1+COS($B33*PI()/180))/2))+(K3*K4*((1-COS($B33*PI()/180))/2)) -> 12.696766 | L64: =(L3*(1-L10)*L33)+(L11*((1+COS($B33*PI()/180))/2))+(L3*L4*((1-COS($B33*PI()/180))/2)) -> 13.17087 | ... P64: =(P3*(1-P10)*P33)+(P11*((1+COS($B33*PI()/180))/2))+(P3*P4*((1-COS($B33*PI()/180))/2)) -> 10.878695
D65: ="HTBar at Beta = "&B34 -> HTBar at Beta = 69 | E65: =(E3*(1-E10)*E34)+(E11*((1+COS($B34*PI()/180))/2))+(E3*E4*((1-COS($B34*PI()/180))/2)) -> 13.606206 | F65: =(F3*(1-F10)*F34)+(F11*((1+COS($B34*PI()/180))/2))+(F3*F4*((1-COS($B34*PI()/180))/2)) -> 16.214422 | G65: =(G3*(1-G10)*G34)+(G11*((1+COS($B34*PI()/180))/2))+(G3*G4*((1-COS($B34*PI()/180))/2)) -> 17.013817 | H65: =(H3*(1-H10)*H34)+(H11*((1+COS($B34*PI()/180))/2))+(H3*H4*((1-COS($B34*PI()/180))/2)) -> 15.602226 | I65: =(I3*(1-I10)*I34)+(I11*((1+COS($B34*PI()/180))/2))+(I3*I4*((1-COS($B34*PI()/180))/2)) -> 12.943847 | J65: =(J3*(1-J10)*J34)+(J11*((1+COS($B34*PI()/180))/2))+(J3*J4*((1-COS($B34*PI()/180))/2)) -> 12.87171 | K65: =(K3*(1-K10)*K34)+(K11*((1+COS($B34*PI()/180))/2))+(K3*K4*((1-COS($B34*PI()/180))/2)) -> 12.183815 | L65: =(L3*(1-L10)*L34)+(L11*((1+COS($B34*PI()/180))/2))+(L3*L4*((1-COS($B34*PI()/180))/2)) -> 12.718297 | ... P65: =(P3*(1-P10)*P34)+(P11*((1+COS($B34*PI()/180))/2))+(P3*P4*((1-COS($B34*PI()/180))/2)) -> 10.938038
D66: ="HTBar at Beta = "&B35 -> HTBar at Beta = 72 | E66: =(E3*(1-E10)*E35)+(E11*((1+COS($B35*PI()/180))/2))+(E3*E4*((1-COS($B35*PI()/180))/2)) -> 13.636271 | F66: =(F3*(1-F10)*F35)+(F11*((1+COS($B35*PI()/180))/2))+(F3*F4*((1-COS($B35*PI()/180))/2)) -> 16.142951 | G66: =(G3*(1-G10)*G35)+(G11*((1+COS($B35*PI()/180))/2))+(G3*G4*((1-COS($B35*PI()/180))/2)) -> 16.774941 | H66: =(H3*(1-H10)*H35)+(H11*((1+COS($B35*PI()/180))/2))+(H3*H4*((1-COS($B35*PI()/180))/2)) -> 15.171806 | I66: =(I3*(1-I10)*I35)+(I11*((1+COS($B35*PI()/180))/2))+(I3*I4*((1-COS($B35*PI()/180))/2)) -> 12.394843 | J66: =(J3*(1-J10)*J35)+(J11*((1+COS($B35*PI()/180))/2))+(J3*J4*((1-COS($B35*PI()/180))/2)) -> 12.284268 | K66: =(K3*(1-K10)*K35)+(K11*((1+COS($B35*PI()/180))/2))+(K3*K4*((1-COS($B35*PI()/180))/2)) -> 11.655736 | L66: =(L3*(1-L10)*L35)+(L11*((1+COS($B35*PI()/180))/2))+(L3*L4*((1-COS($B35*PI()/180))/2)) -> 12.244763 | ... P66: =(P3*(1-P10)*P35)+(P11*((1+COS($B35*PI()/180))/2))+(P3*P4*((1-COS($B35*PI()/180))/2)) -> 10.971253
D67: ="HTBar at Beta = "&B36 -> HTBar at Beta = 75 | E67: =(E3*(1-E10)*E36)+(E11*((1+COS($B36*PI()/180))/2))+(E3*E4*((1-COS($B36*PI()/180))/2)) -> 13.633802 | F67: =(F3*(1-F10)*F36)+(F11*((1+COS($B36*PI()/180))/2))+(F3*F4*((1-COS($B36*PI()/180))/2)) -> 16.03452 | G67: =(G3*(1-G10)*G36)+(G11*((1+COS($B36*PI()/180))/2))+(G3*G4*((1-COS($B36*PI()/180))/2)) -> 16.502061 | H67: =(H3*(1-H10)*H36)+(H11*((1+COS($B36*PI()/180))/2))+(H3*H4*((1-COS($B36*PI()/180))/2)) -> 14.71576 | I67: =(I3*(1-I10)*I36)+(I11*((1+COS($B36*PI()/180))/2))+(I3*I4*((1-COS($B36*PI()/180))/2)) -> 11.829256 | J67: =(J3*(1-J10)*J36)+(J11*((1+COS($B36*PI()/180))/2))+(J3*J4*((1-COS($B36*PI()/180))/2)) -> 11.683797 | K67: =(K3*(1-K10)*K36)+(K11*((1+COS($B36*PI()/180))/2))+(K3*K4*((1-COS($B36*PI()/180))/2)) -> 11.114251 | L67: =(L3*(1-L10)*L36)+(L11*((1+COS($B36*PI()/180))/2))+(L3*L4*((1-COS($B36*PI()/180))/2)) -> 11.751679 | ... P67: =(P3*(1-P10)*P36)+(P11*((1+COS($B36*PI()/180))/2))+(P3*P4*((1-COS($B36*PI()/180))/2)) -> 10.978248
D68: ="HTBar at Beta = "&B37 -> HTBar at Beta = 78 | E68: =(E3*(1-E10)*E37)+(E11*((1+COS($B37*PI()/180))/2))+(E3*E4*((1-COS($B37*PI()/180))/2)) -> 13.598808 | F68: =(F3*(1-F10)*F37)+(F11*((1+COS($B37*PI()/180))/2))+(F3*F4*((1-COS($B37*PI()/180))/2)) -> 15.889426 | G68: =(G3*(1-G10)*G37)+(G11*((1+COS($B37*PI()/180))/2))+(G3*G4*((1-COS($B37*PI()/180))/2)) -> 16.195922 | H68: =(H3*(1-H10)*H37)+(H11*((1+COS($B37*PI()/180))/2))+(H3*H4*((1-COS($B37*PI()/180))/2)) -> 14.235427 | I68: =(I3*(1-I10)*I37)+(I11*((1+COS($B37*PI()/180))/2))+(I3*I4*((1-COS($B37*PI()/180))/2)) -> 11.24893 | J68: =(J3*(1-J10)*J37)+(J11*((1+COS($B37*PI()/180))/2))+(J3*J4*((1-COS($B37*PI()/180))/2)) -> 11.072408 | K68: =(K3*(1-K10)*K37)+(K11*((1+COS($B37*PI()/180))/2))+(K3*K4*((1-COS($B37*PI()/180))/2)) -> 10.561187 | L68: =(L3*(1-L10)*L37)+(L11*((1+COS($B37*PI()/180))/2))+(L3*L4*((1-COS($B37*PI()/180))/2)) -> 11.240539 | ... P68: =(P3*(1-P10)*P37)+(P11*((1+COS($B37*PI()/180))/2))+(P3*P4*((1-COS($B37*PI()/180))/2)) -> 10.959005
D69: ="HTBar at Beta = "&B38 -> HTBar at Beta = 81 | E69: =(E3*(1-E10)*E38)+(E11*((1+COS($B38*PI()/180))/2))+(E3*E4*((1-COS($B38*PI()/180))/2)) -> 13.531383 | F69: =(F3*(1-F10)*F38)+(F11*((1+COS($B38*PI()/180))/2))+(F3*F4*((1-COS($B38*PI()/180))/2)) -> 15.708067 | G69: =(G3*(1-G10)*G38)+(G11*((1+COS($B38*PI()/180))/2))+(G3*G4*((1-COS($B38*PI()/180))/2)) -> 15.857364 | H69: =(H3*(1-H10)*H38)+(H11*((1+COS($B38*PI()/180))/2))+(H3*H4*((1-COS($B38*PI()/180))/2)) -> 13.732228 | I69: =(I3*(1-I10)*I38)+(I11*((1+COS($B38*PI()/180))/2))+(I3*I4*((1-COS($B38*PI()/180))/2)) -> 10.655824 | J69: =(J3*(1-J10)*J38)+(J11*((1+COS($B38*PI()/180))/2))+(J3*J4*((1-COS($B38*PI()/180))/2)) -> 10.452356 | K69: =(K3*(1-K10)*K38)+(K11*((1+COS($B38*PI()/180))/2))+(K3*K4*((1-COS($B38*PI()/180))/2)) -> 9.9984861 | L69: =(L3*(1-L10)*L38)+(L11*((1+COS($B38*PI()/180))/2))+(L3*L4*((1-COS($B38*PI()/180))/2)) -> 10.71292 | ... P69: =(P3*(1-P10)*P38)+(P11*((1+COS($B38*PI()/180))/2))+(P3*P4*((1-COS($B38*PI()/180))/2)) -> 10.913575
D70: ="HTBar at Beta = "&B39 -> HTBar at Beta = 84 | E70: =(E3*(1-E10)*E39)+(E11*((1+COS($B39*PI()/180))/2))+(E3*E4*((1-COS($B39*PI()/180))/2)) -> 13.431712 | F70: =(F3*(1-F10)*F39)+(F11*((1+COS($B39*PI()/180))/2))+(F3*F4*((1-COS($B39*PI()/180))/2)) -> 15.490939 | G70: =(G3*(1-G10)*G39)+(G11*((1+COS($B39*PI()/180))/2))+(G3*G4*((1-COS($B39*PI()/180))/2)) -> 15.487316 | H70: =(H3*(1-H10)*H39)+(H11*((1+COS($B39*PI()/180))/2))+(H3*H4*((1-COS($B39*PI()/180))/2)) -> 13.207675 | I70: =(I3*(1-I10)*I39)+(I11*((1+COS($B39*PI()/180))/2))+(I3*I4*((1-COS($B39*PI()/180))/2)) -> 10.052022 | J70: =(J3*(1-J10)*J39)+(J11*((1+COS($B39*PI()/180))/2))+(J3*J4*((1-COS($B39*PI()/180))/2)) -> 9.8260637 | K70: =(K3*(1-K10)*K39)+(K11*((1+COS($B39*PI()/180))/2))+(K3*K4*((1-COS($B39*PI()/180))/2)) -> 9.428224 | L70: =(L3*(1-L10)*L39)+(L11*((1+COS($B39*PI()/180))/2))+(L3*L4*((1-COS($B39*PI()/180))/2)) -> 10.170484 | ... P70: =(P3*(1-P10)*P39)+(P11*((1+COS($B39*PI()/180))/2))+(P3*P4*((1-COS($B39*PI()/180))/2)) -> 10.842084
D71: ="HTBar at Beta = "&B40 -> HTBar at Beta = 87 | E71: =(E3*(1-E10)*E40)+(E11*((1+COS($B40*PI()/180))/2))+(E3*E4*((1-COS($B40*PI()/180))/2)) -> 13.300069 | F71: =(F3*(1-F10)*F40)+(F11*((1+COS($B40*PI()/180))/2))+(F3*F4*((1-COS($B40*PI()/180))/2)) -> 15.238639 | G71: =(G3*(1-G10)*G40)+(G11*((1+COS($B40*PI()/180))/2))+(G3*G4*((1-COS($B40*PI()/180))/2)) -> 15.086791 | H71: =(H3*(1-H10)*H40)+(H11*((1+COS($B40*PI()/180))/2))+(H3*H4*((1-COS($B40*PI()/180))/2)) -> 12.663369 | I71: =(I3*(1-I10)*I40)+(I11*((1+COS($B40*PI()/180))/2))+(I3*I4*((1-COS($B40*PI()/180))/2)) -> 9.439753 | J71: =(J3*(1-J10)*J40)+(J11*((1+COS($B40*PI()/180))/2))+(J3*J4*((1-COS($B40*PI()/180))/2)) -> 9.1961641 | K71: =(K3*(1-K10)*K40)+(K11*((1+COS($B40*PI()/180))/2))+(K3*K4*((1-COS($B40*PI()/180))/2)) -> 8.852634 | L71: =(L3*(1-L10)*L40)+(L11*((1+COS($B40*PI()/180))/2))+(L3*L4*((1-COS($B40*PI()/180))/2)) -> 9.6149898 | ... P71: =(P3*(1-P10)*P40)+(P11*((1+COS($B40*PI()/180))/2))+(P3*P4*((1-COS($B40*PI()/180))/2)) -> 10.744728
D72: ="HTBar at Beta = "&B41 -> HTBar at Beta = 90 | E72: =(E3*(1-E10)*E41)+(E11*((1+COS($B41*PI()/180))/2))+(E3*E4*((1-COS($B41*PI()/180))/2)) -> 13.136814 | F72: =(F3*(1-F10)*F41)+(F11*((1+COS($B41*PI()/180))/2))+(F3*F4*((1-COS($B41*PI()/180))/2)) -> 14.951858 | G72: =(G3*(1-G10)*G41)+(G11*((1+COS($B41*PI()/180))/2))+(G3*G4*((1-COS($B41*PI()/180))/2)) -> 14.656888 | H72: =(H3*(1-H10)*H41)+(H11*((1+COS($B41*PI()/180))/2))+(H3*H4*((1-COS($B41*PI()/180))/2)) -> 12.101008 | I72: =(I3*(1-I10)*I41)+(I11*((1+COS($B41*PI()/180))/2))+(I3*I4*((1-COS($B41*PI()/180))/2)) -> 8.8214234 | J72: =(J3*(1-J10)*J41)+(J11*((1+COS($B41*PI()/180))/2))+(J3*J4*((1-COS($B41*PI()/180))/2)) -> 8.5655515 | K72: =(K3*(1-K10)*K41)+(K11*((1+COS($B41*PI()/180))/2))+(K3*K4*((1-COS($B41*PI()/180))/2)) -> 8.274146 | L72: =(L3*(1-L10)*L41)+(L11*((1+COS($B41*PI()/180))/2))+(L3*L4*((1-COS($B41*PI()/180))/2)) -> 9.0483006 | ... P72: =(P3*(1-P10)*P41)+(P11*((1+COS($B41*PI()/180))/2))+(P3*P4*((1-COS($B41*PI()/180))/2)) -> 10.621772
A73: Horizontal Surface | D73: HTBar at Beta = 0 | E73: =(E3*(1-E10)*E42)+(E11*((1+COS($B42*PI()/180))/2))+(E3*E4*((1-COS($B42*PI()/180))/2)) -> 5.184 | F73: =(F3*(1-F10)*F42)+(F11*((1+COS($B42*PI()/180))/2))+(F3*F4*((1-COS($B42*PI()/180))/2)) -> 8.46 | G73: =(G3*(1-G10)*G42)+(G11*((1+COS($B42*PI()/180))/2))+(G3*G4*((1-COS($B42*PI()/180))/2)) -> 12.852 | H73: =(H3*(1-H10)*H42)+(H11*((1+COS($B42*PI()/180))/2))+(H3*H4*((1-COS($B42*PI()/180))/2)) -> 16.74 | I73: =(I3*(1-I10)*I42)+(I11*((1+COS($B42*PI()/180))/2))+(I3*I4*((1-COS($B42*PI()/180))/2)) -> 18.252 | J73: =(J3*(1-J10)*J42)+(J11*((1+COS($B42*PI()/180))/2))+(J3*J4*((1-COS($B42*PI()/180))/2)) -> 19.656 | K73: =(K3*(1-K10)*K42)+(K11*((1+COS($B42*PI()/180))/2))+(K3*K4*((1-COS($B42*PI()/180))/2)) -> 17.892 | L73: =(L3*(1-L10)*L42)+(L11*((1+COS($B42*PI()/180))/2))+(L3*L4*((1-COS($B42*PI()/180))/2)) -> 16.056 | ... P73: =(P3*(1-P10)*P42)+(P11*((1+COS($B42*PI()/180))/2))+(P3*P4*((1-COS($B42*PI()/180))/2)) -> 3.996
D74: HTBar Max | E74: =MAX(E43:E72) -> 13.636271 | F74: =MAX(F43:F72) -> 16.248737 | G74: =MAX(G43:G72) -> 17.703009 | H74: =MAX(H43:H72) -> 18.420867 | I74: =MAX(I43:I72) -> 18.490525 | J74: =MAX(J43:J72) -> 19.676444 | K74: =MAX(K43:K72) -> 17.970451 | L74: =MAX(L43:L72) -> 16.738419 | ... P74: =MAX(P43:P72) -> 10.978248
D75: RTBar Max | E75: =E74/E3 -> 2.6304535 | F75: =F74/F3 -> 1.9206545 | G75: =G74/G3 -> 1.3774517 | H75: =H74/H3 -> 1.1004102 | I75: =I74/I3 -> 1.0130684 | J75: =J74/J3 -> 1.0010401 | K75: =K74/K3 -> 1.0043847 | L75: =L74/L3 -> 1.0425025 | ... P75: =P74/P3 -> 2.7473094
D76: Beta Optimal | E76: 72 | F76: 66 | G76: 51 | H76: 30 | I76: 12 | J76: 3 | K76: 9 | L76: 21 | M76: 36 | N76: 54 | O76: 69 | P76: 75
D77: Beta Optimal(Year) | E77: =AVERAGE(E76:P76) -> 41.5
D78: RbBar Optimal | E78: 3.6288447 | F78: 2.4442582 | G78: 1.63242 | H78: 1.1881496 | I78: 1.0314474 | J78: 1.0023636 | K78: 1.0130687 | L78: 1.1025252 | M78: 1.3970412 | N78: 1.3970412 | O78: 3.2484356 | P78: 4.1222891
D79: HTBar Min | E79: =MIN(E43:E72) -> 5.7743719 | F79: =MIN(F43:F72) -> 9.095436 | G79: =MIN(G43:G72) -> 13.378838 | H79: =MIN(H43:H72) -> 12.101008 | I79: =MIN(I43:I72) -> 8.8214234 | J79: =MIN(J43:J72) -> 8.5655515 | K79: =MIN(K43:K72) -> 8.274146 | L79: =MIN(L43:L72) -> 9.0483006 | ... P79: =MIN(P43:P72) -> 4.4748018
D80: Average Beta Season | E80: =AVERAGE(P76,E76,F76) -> 71 | F80: =AVERAGE(G76,H76,I76) -> 31 | G80: =AVERAGE(J76,K76,L76) -> 11 | H80: =AVERAGE(M76,N76,O76) -> 53
D82: N(Daylight Hours) | E82: =(2/15)*E7 -> 8.5809429 | F82: =(2/15)*F7 -> 9.9869899 | G82: =(2/15)*G7 -> 11.634636 | H82: =(2/15)*H7 -> 13.442874 | I82: =(2/15)*I7 -> 15.021505 | J82: =(2/15)*J7 -> 15.84765 | K82: =(2/15)*K7 -> 15.470425 | L82: =(2/15)*L7 -> 14.09568 | ... P82: =(2/15)*P7 -> 8.1597367
D83: N (Possible) | E83: 8 | F83: 10 | G83: 12 | H83: 12 | I83: 14 | J83: 16 | K83: 14 | L83: 14 | M83: 12 | N83: 10 | O83: 8 | P83: 8
D84: Omega | E84: =15*(E103-12) -> -82.5 | F84: =15*(F103-12) -> -67.5 | G84: =15*(G103-12) -> -52.5 | H84: =15*(H103-12) -> -37.5 | I84: =15*(I103-12) -> -22.5 | J84: =15*(J103-12) -> -7.5 | K84: =15*(K103-12) -> 7.5 | L84: =15*(L103-12) -> 22.5 | ... P84: =15*(P103-12) -> 82.5
D85: a (constant) | E85: =0.409 + (0.5016*SIN((E7-60)*PI()/180)) -> 0.44710754 | F85: =0.409 + (0.5016*SIN((F7-60)*PI()/180)) -> 0.53799832 | G85: =0.409 + (0.5016*SIN((G7-60)*PI()/180)) -> 0.63874557 | H85: =0.409 + (0.5016*SIN((H7-60)*PI()/180)) -> 0.73689858 | I85: =0.409 + (0.5016*SIN((I7-60)*PI()/180)) -> 0.80780404 | J85: =0.409 + (0.5016*SIN((J7-60)*PI()/180)) -> 0.8383107 | K85: =0.409 + (0.5016*SIN((K7-60)*PI()/180)) -> 0.82498319 | L85: =0.409 + (0.5016*SIN((L7-60)*PI()/180)) -> 0.76809905 | ... P85: =0.409 + (0.5016*SIN((P7-60)*PI()/180)) -> 0.41948743
D86: b (constant) | E86: =0.6609 - (0.4767*SIN((E7-60)*PI()/180)) -> 0.62468416 | F86: =0.6609 - (0.4767*SIN((F7-60)*PI()/180)) -> 0.53830531 | G86: =0.6609 - (0.4767*SIN((G7-60)*PI()/180)) -> 0.44255926 | H86: =0.6609 - (0.4767*SIN((H7-60)*PI()/180)) -> 0.34927868 | I86: =0.6609 - (0.4767*SIN((I7-60)*PI()/180)) -> 0.28189305 | J86: =0.6609 - (0.4767*SIN((J7-60)*PI()/180)) -> 0.25290077 | K86: =0.6609 - (0.4767*SIN((K7-60)*PI()/180)) -> 0.26556669 | L86: =0.6609 - (0.4767*SIN((L7-60)*PI()/180)) -> 0.31962704 | ... P86: =0.6609 - (0.4767*SIN((P7-60)*PI()/180)) -> 0.65093318
D102: Time | E102: 6-7 am | F102: 7-8 am | G102: 8-9 am | H102: 9-10am | I102: 10-11 am | J102: 11-12 am | K102: 12-1 pm | L102: 1-2 pm | M102: 2-3 pm | N102: 3-4pm | O102: 4-5pm | P102: 5-6 pm
D103: ST (Solar Time) | E103: 6.5 | F103: 7.5 | G103: 8.5 | H103: 9.5 | I103: 10.5 | J103: 11.5 | K103: 12.5 | L103: 13.5 | M103: 14.5 | N103: 15.5 | O103: 16.5 | P103: 17.5
D106: Time | E106: 4-5 am | F106: 5-6 am | G106: 6-7 am | H106: 7-8 am | I106: 8-9 am | J106: 9-10 am | K106: 10-11 am | L106: 11-12 am | M106: 12-1 pm | N106: 1-2 pm | O106: 2-3 pm | P106: 3-4pm | Q106: 4-5pm | R106: 5-6 pm | S106: 6-7 pm | T106: 7-8 pm
D107: ST (Solar Time) | E107: 4.5 | F107: 5.5 | G107: 6.5 | H107: 7.5 | I107: 8.5 | J107: 9.5 | K107: 10.5 | L107: 11.5 | M107: 12.5 | N107: 13.5 | O107: 14.5 | P107: 15.5 | Q107: 16.5 | R107: 17.5 | S107: 18.5 | T107: 19.5
D108: Omega | E108: =15*(E107-12) -> -112.5 | F108: =15*(F107-12) -> -97.5 | G108: =15*(G107-12) -> -82.5 | H108: =15*(H107-12) -> -67.5 | I108: =15*(I107-12) -> -52.5 | J108: =15*(J107-12) -> -37.5 | K108: =15*(K107-12) -> -22.5 | L108: =15*(L107-12) -> -7.5 | ... T108: =15*(T107-12) -> 112.5

Sheet HTBar Individual
A1: Month | B1: Jan | C1: Feb | D1: Mar | E1: Apr | F1: May | G1: Jun | H1: Jul | I1: Aug | J1: Sep | K1: Oct | L1: Nov | M1: Dec | N1: Data by Values | O1: Month | P1: Jan | Q1: Feb | R1: Mar | S1: Apr | T1: May | U1: Jun | V1: Jul | W1: Aug | X1: Sep | Y1: Oct | Z1: Nov | AA1: Dec | AB1: Data by Percentage | AC1: Month | AD1: Jan | AE1: Feb | AF1: Mar | AG1: Apr | AH1: May | AI1: Jun | AJ1: Jul | AK1: Aug | AL1: Sep | AM1: Oct | AN1: Nov | AO1: Dec
A2: ="HTBeam at Beta = " & HTBar!B12 -> HTBeam at Beta = 3 | B2: =HTBar!$E$3*(1-HTBar!$E$10)*HTBar!$E12 -> 3.8478153 | C2: =HTBar!$F$3*(1-HTBar!$F$10)*HTBar!$F12 -> 6.147715 | D2: =HTBar!$G$3*(1-HTBar!$G$10)*HTBar!$G12 -> 8.4985849 | E2: =HTBar!$H$3*(1-HTBar!$H$10)*HTBar!$H12 -> 10.240998 | F2: =HTBar!$I$3*(1-HTBar!$I$10)*HTBar!$I12 -> 10.019262 | G2: =HTBar!$J$3*(1-HTBar!$J$10)*HTBar!$J12 -> 10.706705 | H2: =HTBar!$K$3*(1-HTBar!$K$10)*HTBar!$K12 -> 9.2930499 | I2: =HTBar!$L$3*(1-HTBar!$L$10)*HTBar!$L12 -> 8.7926047 | J2: =HTBar!$M$3*(1-HTBar!$M$10)*HTBar!$M12 -> 6.248926 | K2: =HTBar!$N$3*(1-HTBar!$N$10)*HTBar!$N12 -> 3.8027427 | L2: =HTBar!$O$3*(1-HTBar!$O$10)*HTBar!$O12 -> 2.8626607 | M2: =HTBar!$P$3*(1-HTBar!$P$10)*HTBar!$P12 -> 2.7834483 | O2: HTBeam at Beta = 3 | P2: 3.8478153 | Q2: 6.147715 | R2: 8.4985849 | S2: 10.240998 | T2: 10.019262 | U2: 10.706705 | V2: 9.2930499 | W2: 8.7926047 | X2: 6.248926 | Y2: 3.8027427 | Z2: 2.8626607 | AA2: 2.7834483 | AC2: HTBeam at Beta = 3 | AD2: =$P2*100/$P44 -> 66.636083 | AE2: =$Q2*100/$Q44 -> 67.591208 | AF2: =$R2*100/$R44 -> 63.522596 | AG2: =$S2*100/$S44 -> 60.062174 | AH2: =$T2*100/$T44 -> 54.58661 | AI2: =$U2*100/$U44 -> 54.413822 | AJ2: =$V2*100/$V44 -> 51.791075 | AK2: =$W2*100/$W44 -> 54.134692 | AL2: =$X2*100/$X44 -> 52.390114 | AM2: =$Y2*100/$Y44 -> 51.715191 | AN2: =$Z2*100/$Z44 -> 56.00587 | AO2: =$AA2*100/$AA44 -> 62.202718
A3: ="HTBeam at Beta = " & HTBar!B13 -> HTBeam at Beta = 6 | B3: =HTBar!$E$3*(1-HTBar!$E$10)*HTBar!$E13 -> 4.4278597 | C3: =HTBar!$F$3*(1-HTBar!$F$10)*HTBar!$F13 -> 6.7666975 | D3: =HTBar!$G$3*(1-HTBar!$G$10)*HTBar!$G13 -> 9.0028311 | E3: =HTBar!$H$3*(1-HTBar!$H$10)*HTBar!$H13 -> 10.528057 | F3: =HTBar!$I$3*(1-HTBar!$I$10)*HTBar!$I13 -> 10.108005 | G3: =HTBar!$J$3*(1-HTBar!$J$10)*HTBar!$J13 -> 10.716512 | H3: =HTBar!$K$3*(1-HTBar!$K$10)*HTBar!$K13 -> 9.3338592 | I3: =HTBar!$L$3*(1-HTBar!$L$10)*HTBar!$L13 -> 8.9629128 | J3: =HTBar!$M$3*(1-HTBar!$M$10)*HTBar!$M13 -> 6.5346773 | K3: =HTBar!$N$3*(1-HTBar!$N$10)*HTBar!$N13 -> 4.1275621 | L3: =HTBar!$O$3*(1-HTBar!$O$10)*HTBar!$O13 -> 3.2510355 | M3: =HTBar!$P$3*(1-HTBar!$P$10)*HTBar!$P13 -> 3.2550134 | O3: HTBeam at Beta = 9 | P3: 4.9957676 | Q3: 7.3671329 | R3: 9.4824011 | S3: 10.788445 | T3: 10.176514 | U3: 10.708626 | V3: 9.3577188 | W3: 9.1122398 | X3: 6.8026041 | Y3: 4.4410681 | Z3: 3.6304994 | AA3: 3.7176567 | AC3: HTBeam at Beta = 9 | AD3: =$P3*100/$P45 -> 72.187175 | AE3: =$Q3*100/$Q45 -> 71.444513 | AF3: =$R3*100/$R45 -> 66.047027 | AG3: =$S3*100/$S45 -> 61.357865 | AH3: =$T3*100/$T45 -> 55.081394 | AI3: =$U3*100/$U45 -> 54.524513 | AJ3: =$V3*100/$V45 -> 52.072809 | AK3: =$W3*100/$W45 -> 55.129292 | AL3: =$X3*100/$X45 -> 54.610274 | AM3: =$Y3*100/$Y45 -> 55.683265 | AN3: =$Z3*100/$Z45 -> 61.824058 | AO3: =$AA3*100/$AA45 -> 68.770659
A4: ="HTBeam at Beta = " & HTBar!B14 -> HTBeam at Beta = 9 | B4: =HTBar!$E$3*(1-HTBar!$E$10)*HTBar!$E14 -> 4.9957676 | C4: =HTBar!$F$3*(1-HTBar!$F$10)*HTBar!$F14 -> 7.3671329 | D4: =HTBar!$G$3*(1-HTBar!$G$10)*HTBar!$G14 -> 9.4824011 | E4: =HTBar!$H$3*(1-HTBar!$H$10)*HTBar!$H14 -> 10.788445 | F4: =HTBar!$I$3*(1-HTBar!$I$10)*HTBar!$I14 -> 10.176514 | G4: =HTBar!$J$3*(1-HTBar!$J$10)*HTBar!$J14 -> 10.708626 | H4: =HTBar!$K$3*(1-HTBar!$K$10)*HTBar!$K14 -> 9.3577188 | I4: =HTBar!$L$3*(1-HTBar!$L$10)*HTBar!$L14 -> 9.1122398 | J4: =HTBar!$M$3*(1-HTBar!$M$10)*HTBar!$M14 -> 6.8026041 | K4: =HTBar!$N$3*(1-HTBar!$N$10)*HTBar!$N14 -> 4.4410681 | L4: =HTBar!$O$3*(1-HTBar!$O$10)*HTBar!$O14 -> 3.6304994 | M4: =HTBar!$P$3*(1-HTBar!$P$10)*HTBar!$P14 -> 3.7176567 | O4: HTBeam at Beta = 12 | P4: 5.5499825 | Q4: 7.9473756 | R4: 9.9359805 | S4: 11.021165 | T4: 10.223577 | U4: 10.681398 | V4: 9.3633525 | W4: 9.2397015 | X4: 7.0519609 | Y4: 4.7424015 | Z4: 4.0000124 | AA4: 4.1701102 | AC4: HTBeam at Beta = 12 | AD4: =$P4*100/$P46 -> 74.264498 | AE4: =$Q4*100/$Q46 -> 72.98426 | AF4: =$R4*100/$R46 -> 67.10901 | AG4: =$S4*100/$S46 -> 61.908952 | AH4: =$T4*100/$T46 -> 55.290895 | AI4: =$U4*100/$U46 -> 54.554382 | AJ4: =$V4*100/$V46 -> 52.182907 | AK4: =$W4*100/$W46 -> 55.568288 | AL4: =$X4*100/$X46 -> 55.595379 | AM4: =$Y4*100/$Y46 -> 57.393292 | AN4: =$Z4*100/$Z46 -> 64.145787 | AO4: =$AA4*100/$AA46 -> 71.2158
A5: ="HTBeam at Beta = " & HTBar!B15 -> HTBeam at Beta = 12 | B5: =HTBar!$E$3*(1-HTBar!$E$10)*HTBar!$E15 -> 5.5499825 | C5: =HTBar!$F$3*(1-HTBar!$F$10)*HTBar!$F15 -> 7.9473756 | D5: =HTBar!$G$3*(1-HTBar!$G$10)*HTBar!$G15 -> 9.9359805 | E5: =HTBar!$H$3*(1-HTBar!$H$10)*HTBar!$H15 -> 11.021165 | F5: =HTBar!$I$3*(1-HTBar!$I$10)*HTBar!$I15 -> 10.223577 | G5: =HTBar!$J$3*(1-HTBar!$J$10)*HTBar!$J15 -> 10.681398 | H5: =HTBar!$K$3*(1-HTBar!$K$10)*HTBar!$K15 -> 9.3633525 | I5: =HTBar!$L$3*(1-HTBar!$L$10)*HTBar!$L15 -> 9.2397015 | J5: =HTBar!$M$3*(1-HTBar!$M$10)*HTBar!$M15 -> 7.0519609 | K5: =HTBar!$N$3*(1-HTBar!$N$10)*HTBar!$N15 -> 4.7424015 | L5: =HTBar!$O$3*(1-HTBar!$O$10)*HTBar!$O15 -> 4.0000124 | M5: =HTBar!$P$3*(1-HTBar!$P$10)*HTBar!$P15 -> 4.1701102 | O5: HTBeam at Beta = 21 | P5: 7.1154908 | Q5: 9.5513454 | R5: 11.128719 | S5: 11.545304 | T5: 10.227954 | U5: 10.473206 | V5: 9.262634 | W5: 9.4843613 | X5: 7.6819632 | Y5: 5.5652866 | Z5: 5.0388705 | AA5: 5.4540901 | AC5: HTBeam at Beta = 21 | AD5: =$P5*100/$P47 -> 78.783968 | AE5: =$Q5*100/$Q47 -> 76.531841 | AF5: =$R5*100/$R47 -> 69.660629 | AG5: =$S5*100/$S47 -> 63.21312 | AH5: =$T5*100/$T47 -> 55.751358 | AI5: =$U5*100/$U47 -> 54.505416 | AJ5: =$V5*100/$V47 -> 52.361975 | AK5: =$W5*100/$W47 -> 56.662227 | AL5: =$X5*100/$X47 -> 58.136182 | AM5: =$Y5*100/$Y47 -> 61.694001 | AN5: =$Z5*100/$Z47 -> 69.534144 | AO5: =$AA5*100/$AA47 -> 76.529178
A6: ="HTBeam at Beta = " & HTBar!B16 -> HTBeam at Beta = 15 | B6: =HTBar!$E$3*(1-HTBar!$E$10)*HTBar!$E16 -> 6.0889853 | C6: =HTBar!$F$3*(1-HTBar!$F$10)*HTBar!$F16 -> 8.505835 | D6: =HTBar!$G$3*(1-HTBar!$G$10)*HTBar!$G16 -> 10.362326 | E6: =HTBar!$H$3*(1-HTBar!$H$10)*HTBar!$H16 -> 11.225353 | F6: =HTBar!$I$3*(1-HTBar!$I$10)*HTBar!$I16 -> 10.248268 | G6: =HTBar!$J$3*(1-HTBar!$J$10)*HTBar!$J16 -> 10.633619 | H6: =HTBar!$K$3*(1-HTBar!$K$10)*HTBar!$K16 -> 9.3498112 | I6: =HTBar!$L$3*(1-HTBar!$L$10)*HTBar!$L16 -> 9.3445766 | J6: =HTBar!$M$3*(1-HTBar!$M$10)*HTBar!$M16 -> 7.2820555 | K6: =HTBar!$N$3*(1-HTBar!$N$10)*HTBar!$N16 -> 5.0307363 | L6: =HTBar!$O$3*(1-HTBar!$O$10)*HTBar!$O16 -> 4.3585616 | M6: =HTBar!$P$3*(1-HTBar!$P$10)*HTBar!$P16 -> 4.6111337 | O6: HTBeam at Beta = 30 | P6: 8.5057921 | Q6: 10.920129 | R6: 12.047432 | S6: 11.79645 | T6: 10.018055 | U6: 10.064581 | V6: 8.9767652 | W6: 9.5138447 | X6: 8.1232605 | Y6: 6.2511359 | Z6: 5.9536549 | AA6: 6.6037722 | AC6: HTBeam at Beta = 30 | AD6: =$P6*100/$P48 -> 81.698875 | AE6: =$Q6*100/$Q48 -> 78.962916 | AF6: =$R6*100/$R48 -> 71.456971 | AG6: =$S6*100/$S48 -> 64.038518 | AH6: =$T6*100/$T48 -> 55.936986 | AI6: =$U6*100/$U48 -> 54.199198 | AJ6: =$V6*100/$V48 -> 52.276079 | AK6: =$W6*100/$W48 -> 57.43359 | AL6: =$X6*100/$X48 -> 60.161633 | AM6: =$Y6*100/$Y48 -> 65.061877 | AN6: =$Z6*100/$Z48 -> 73.331124 | AO6: =$AA6*100/$AA48 -> 79.976474
A7: ="HTBeam at Beta = " & HTBar!B17 -> HTBeam at Beta = 18 | B7: =HTBar!$E$3*(1-HTBar!$E$10)*HTBar!$E17 -> 6.6112986 | C7: =HTBar!$F$3*(1-HTBar!$F$10)*HTBar!$F17 -> 9.0409805 | D7: =HTBar!$G$3*(1-HTBar!$G$10)*HTBar!$G17 -> 10.760269 | E7: =HTBar!$H$3*(1-HTBar!$H$10)*HTBar!$H17 -> 11.400274 | F7: =HTBar!$I$3*(1-HTBar!$I$10)*HTBar!$I17 -> 10.249894 | G7: =HTBar!$J$3*(1-HTBar!$J$10)*HTBar!$J17 -> 10.564421 | H7: =HTBar!$K$3*(1-HTBar!$K$10)*HTBar!$K17 -> 9.3164009 | I7: =HTBar!$L$3*(1-HTBar!$L$10)*HTBar!$L17 -> 9.426283 | J7: =HTBar!$M$3*(1-HTBar!$M$10)*HTBar!$M17 -> 7.4922501 | K7: =HTBar!$N$3*(1-HTBar!$N$10)*HTBar!$N17 -> 5.3052821 | L7: =HTBar!$O$3*(1-HTBar!$O$10)*HTBar!$O17 -> 4.7051643 | M7: =HTBar!$P$3*(1-HTBar!$P$10)*HTBar!$P17 -> 5.0395184 | O7: HTBeam at Beta = 36 | P7: 9.318213 | Q7: 11.685085 | R7: 12.496204 | S7: 11.807787 | T7: 9.7576513 | U7: 9.6796777 | V7: 8.6822564 | W7: 9.4115791 | X7: 8.3070132 | Y7: 6.623746 | Z7: 6.4833148 | AA7: 7.2814796 | AC7: HTBeam at Beta = 36 | AD7: =$P7*100/$P49 -> 83.091078 | AE7: =$Q7*100/$Q49 -> 80.156254 | AF7: =$R7*100/$R49 -> 72.319148 | AG7: =$S7*100/$S49 -> 64.338625 | AH7: =$T7*100/$T49 -> 55.891419 | AI7: =$U7*100/$U49 -> 53.821063 | AJ7: =$V7*100/$V49 -> 52.046816 | AK7: =$W7*100/$W49 -> 57.77018 | AL7: =$X7*100/$X49 -> 61.273204 | AM7: =$Y7*100/$Y49 -> 66.924482 | AN7: =$Z7*100/$Z49 -> 75.276809 | AO7: =$AA7*100/$AA49 -> 81.644467
A8: ="HTBeam at Beta = " & HTBar!B18 -> HTBeam at Beta = 21 | B8: =HTBar!$E$3*(1-HTBar!$E$10)*HTBar!$E18 -> 7.1154908 | C8: =HTBar!$F$3*(1-HTBar!$F$10)*HTBar!$F18 -> 9.5513454 | D8: =HTBar!$G$3*(1-HTBar!$G$10)*HTBar!$G18 -> 11.128719 | E8: =HTBar!$H$3*(1-HTBar!$H$10)*HTBar!$H18 -> 11.545304 | F8: =HTBar!$I$3*(1-HTBar!$I$10)*HTBar!$I18 -> 10.227954 | G8: =HTBar!$J$3*(1-HTBar!$J$10)*HTBar!$J18 -> 10.473206 | H8: =HTBar!$K$3*(1-HTBar!$K$10)*HTBar!$K18 -> 9.262634 | I8: =HTBar!$L$3*(1-HTBar!$L$10)*HTBar!$L18 -> 9.4843613 | J8: =HTBar!$M$3*(1-HTBar!$M$10)*HTBar!$M18 -> 7.6819632 | K8: =HTBar!$N$3*(1-HTBar!$N$10)*HTBar!$N18 -> 5.5652866 | L8: =HTBar!$O$3*(1-HTBar!$O$10)*HTBar!$O18 -> 5.0388705 | M8: =HTBar!$P$3*(1-HTBar!$P$10)*HTBar!$P18 -> 5.4540901 | O8: HTBeam at Beta = 51 | P8: 10.885914 | Q8: 13.022505 | R8: 13.012093 | S8: 11.289123 | T8: 8.699896 | U8: 8.3441118 | V8: 7.5984065 | W8: 8.7355508 | X8: 8.3668957 | Y8: 7.2308081 | Z8: 7.485932 | AA8: 8.6126483 | AC8: HTBeam at Beta = 51 | AD8: =$P8*100/$P50 -> 85.356756 | AE8: =$Q8*100/$Q50 -> 82.092277 | AF8: =$R8*100/$R50 -> 73.502153 | AG8: =$S8*100/$S50 -> 64.205251 | AH8: =$T8*100/$T50 -> 55.067099 | AI8: =$U8*100/$U50 -> 52.086836 | AJ8: =$V8*100/$V50 -> 50.720634 | AK8: =$W8*100/$W50 -> 57.945246 | AL8: =$X8*100/$X50 -> 63.331896 | AM8: =$Y8*100/$Y50 -> 70.599668 | AN8: =$Z8*100/$Z50 -> 78.781765 | AO8: =$AA8*100/$AA50 -> 84.452471
A9: ="HTBeam at Beta = " & HTBar!B19 -> HTBeam at Beta = 24 | B9: =HTBar!$E$3*(1-HTBar!$E$10)*HTBar!$E19 -> 7.6001799 | C9: =HTBar!$F$3*(1-HTBar!$F$10)*HTBar!$F19 -> 10.035531 | D9: =HTBar!$G$3*(1-HTBar!$G$10)*HTBar!$G19 -> 11.466666 | E9: =HTBar!$H$3*(1-HTBar!$H$10)*HTBar!$H19 -> 11.659931 | F9: =HTBar!$I$3*(1-HTBar!$I$10)*HTBar!$I19 -> 10.182109 | G9: =HTBar!$J$3*(1-HTBar!$J$10)*HTBar!$J19 -> 10.359595 | H9: =HTBar!$K$3*(1-HTBar!$K$10)*HTBar!$K19 -> 9.1881955 | I9: =HTBar!$L$3*(1-HTBar!$L$10)*HTBar!$L19 -> 9.5184627 | J9: =HTBar!$M$3*(1-HTBar!$M$10)*HTBar!$M19 -> 7.85067 | K9: =HTBar!$N$3*(1-HTBar!$N$10)*HTBar!$N19 -> 5.810037 | L9: =HTBar!$O$3*(1-HTBar!$O$10)*HTBar!$O19 -> 5.3587655 | M9: =HTBar!$P$3*(1-HTBar!$P$10)*HTBar!$P19 -> 5.8537126 | O9: HTBeam at Beta = 54 | P9: 11.112996 | Q9: 13.185372 | R9: 13.008923 | S9: 11.093605 | T9: 8.4227365 | U9: 8.018135 | V9: 7.3262448 | W9: 8.5309269 | X9: 8.3099936 | Y9: 7.2938315 | Z9: 7.6268333 | AA9: 8.8106789 | AC9: HTBeam at Beta = 54 | AD9: =$P9*100/$P51 -> 85.656742 | AE9: =$Q9*100/$Q51 -> 82.336076 | AF9: =$R9*100/$R51 -> 73.585937 | AG9: =$S9*100/$S51 -> 64.016377 | AH9: =$T9*100/$T51 -> 54.755426 | AI9: =$U9*100/$U51 -> 51.56993 | AJ9: =$V9*100/$V51 -> 50.296369 | AK9: =$W9*100/$W51 -> 57.852013 | AL9: =$X9*100/$X51 -> 63.62723 | AM9: =$Y9*100/$Y51 -> 71.198554 | AN9: =$Z9*100/$Z51 -> 79.30687 | AO9: =$AA9*100/$AA51 -> 84.845718
A10: ="HTBeam at Beta = " & HTBar!B20 -> HTBeam at Beta = 27 | B10: =HTBar!$E$3*(1-HTBar!$E$10)*HTBar!$E20 -> 8.0640375 | C10: =HTBar!$F$3*(1-HTBar!$F$10)*HTBar!$F20 -> 10.492209 | D10: =HTBar!$G$3*(1-HTBar!$G$10)*HTBar!$G20 -> 11.773184 | E10: =HTBar!$H$3*(1-HTBar!$H$10)*HTBar!$H20 -> 11.743748 | F10: =HTBar!$I$3*(1-HTBar!$I$10)*HTBar!$I20 -> 10.112165 | G10: =HTBar!$J$3*(1-HTBar!$J$10)*HTBar!$J20 -> 10.223396 | H10: =HTBar!$K$3*(1-HTBar!$K$10)*HTBar!$K20 -> 9.0929183 | I10: =HTBar!$L$3*(1-HTBar!$L$10)*HTBar!$L20 -> 9.5283407 | J10: =HTBar!$M$3*(1-HTBar!$M$10)*HTBar!$M20 -> 7.9979046 | K10: =HTBar!$N$3*(1-HTBar!$N$10)*HTBar!$N20 -> 6.0388625 | L10: =HTBar!$O$3*(1-HTBar!$O$10)*HTBar!$O20 -> 5.6639725 | M10: =HTBar!$P$3*(1-HTBar!$P$10)*HTBar!$P20 -> 6.2372904 | O10: HTBeam at Beta = 66 | P10: 11.711759 | Q10: 13.472463 | R10: 12.641229 | S10: 10.022978 | T10: 7.1210713 | U10: 6.5486759 | V10: 6.0783821 | W10: 7.4995984 | X10: 7.8574632 | Y10: 7.3451026 | Z10: 7.9783952 | AA10: 9.3568792 | AC10: HTBeam at Beta = 66 | AD10: =$P10*100/$P52 -> 86.473909 | AE10: =$Q10*100/$Q52 -> 82.91391 | AF10: =$R10*100/$R52 -> 73.41855 | AG10: =$S10*100/$S52 -> 62.621016 | AH10: =$T10*100/$T52 -> 52.848413 | AI10: =$U10*100/$U52 -> 48.710251 | AJ10: =$V10*100/$V52 -> 47.873466 | AK10: =$W10*100/$W52 -> 56.940797 | AL10: =$X10*100/$X52 -> 64.411658 | AM10: =$Y10*100/$Y52 -> 73.222351 | AN10: =$Z10*100/$Z52 -> 80.962467 | AO10: =$AA10*100/$AA52 -> 86.011045
A11: ="HTBeam at Beta = " & HTBar!B21 -> HTBeam at Beta = 30 | B11: =HTBar!$E$3*(1-HTBar!$E$10)*HTBar!$E21 -> 8.5057921 | C11: =HTBar!$F$3*(1-HTBar!$F$10)*HTBar!$F21 -> 10.920129 | D11: =HTBar!$G$3*(1-HTBar!$G$10)*HTBar!$G21 -> 12.047432 | E11: =HTBar!$H$3*(1-HTBar!$H$10)*HTBar!$H21 -> 11.79645 | F11: =HTBar!$I$3*(1-HTBar!$I$10)*HTBar!$I21 -> 10.018055 | G11: =HTBar!$J$3*(1-HTBar!$J$10)*HTBar!$J21 -> 10.064581 | H11: =HTBar!$K$3*(1-HTBar!$K$10)*HTBar!$K21 -> 8.9767652 | I11: =HTBar!$L$3*(1-HTBar!$L$10)*HTBar!$L21 -> 9.5138447 | J11: =HTBar!$M$3*(1-HTBar!$M$10)*HTBar!$M21 -> 8.1232605 | K11: =HTBar!$N$3*(1-HTBar!$N$10)*HTBar!$N21 -> 6.2511359 | L11: =HTBar!$O$3*(1-HTBar!$O$10)*HTBar!$O21 -> 5.9536549 | M11: =HTBar!$P$3*(1-HTBar!$P$10)*HTBar!$P21 -> 6.6037722 | O11: HTBeam at Beta = 69 | P11: 11.782007 | Q11: 13.452158 | R11: 12.461812 | S11: 9.6870014 | T11: 6.7523689 | U11: 6.1457497 | V11: 5.7314758 | W11: 7.1923384 | X11: 7.6896569 | Y11: 7.307539 | Z11: 8.01207 | AA11: 9.430077 | AC11: HTBeam at Beta = 69 | AD11: =$P11*100/$P53 -> 86.592887 | AE11: =$Q11*100/$Q53 -> 82.964157 | AF11: =$R11*100/$R53 -> 73.245245 | AG11: =$S11*100/$S53 -> 62.087302 | AH11: =$T11*100/$T53 -> 52.166632 | AI11: =$U11*100/$U53 -> 47.746177 | AJ11: =$V11*100/$V53 -> 47.041717 | AK11: =$W11*100/$W53 -> 56.551113 | AL11: =$X11*100/$X53 -> 64.501211 | AM11: =$Y11*100/$Y53 -> 73.642203 | AN11: =$Z11*100/$Z53 -> 81.277615 | AO11: =$AA11*100/$AA53 -> 86.213603
A12: ="HTBeam at Beta = " & HTBar!B22 -> HTBeam at Beta = 33 | B12: =HTBar!$E$3*(1-HTBar!$E$10)*HTBar!$E22 -> 8.9242329 | C12: =HTBar!$F$3*(1-HTBar!$F$10)*HTBar!$F22 -> 11.318118 | D12: =HTBar!$G$3*(1-HTBar!$G$10)*HTBar!$G22 -> 12.288659 | E12: =HTBar!$H$3*(1-HTBar!$H$10)*HTBar!$H22 -> 11.817832 | F12: =HTBar!$I$3*(1-HTBar!$I$10)*HTBar!$I22 -> 9.8998308 | G12: =HTBar!$J$3*(1-HTBar!$J$10)*HTBar!$J22 -> 9.8832607 | H12: =HTBar!$K$3*(1-HTBar!$K$10)*HTBar!$K22 -> 8.8398158 | I12: =HTBar!$L$3*(1-HTBar!$L$10)*HTBar!$L22 -> 9.4749149 | J12: =HTBar!$M$3*(1-HTBar!$M$10)*HTBar!$M22 -> 8.2263915 | K12: =HTBar!$N$3*(1-HTBar!$N$10)*HTBar!$N22 -> 6.4462754 | L12: =HTBar!$O$3*(1-HTBar!$O$10)*HTBar!$O22 -> 6.2270188 | M12: =HTBar!$P$3*(1-HTBar!$P$10)*HTBar!$P22 -> 6.9521536 | O12: HTBeam at Beta = 72 | P12: 11.819961 | Q12: 13.394982 | R12: 12.248238 | S12: 9.3255233 | T12: 6.3686283 | U12: 5.7312559 | V12: 5.3728133 | W12: 6.8670682 | X12: 7.5008158 | Y12: 7.249946 | Z12: 8.0237842 | AA12: 9.4774275 | AC12: HTBeam at Beta = 72 | AD12: =$P12*100/$P54 -> 86.680305 | AE12: =$Q12*100/$Q54 -> 82.977285 | AF12: =$R12*100/$R54 -> 73.015085 | AG12: =$S12*100/$S54 -> 61.46614 | AH12: =$T12*100/$T54 -> 51.381273 | AI12: =$U12*100/$U54 -> 46.655251 | AJ12: =$V12*100/$V54 -> 46.095874 | AK12: =$W12*100/$W54 -> 56.081677 | AL12: =$X12*100/$X54 -> 64.543279 | AM12: =$Y12*100/$Y54 -> 74.029133 | AN12: =$Z12*100/$Z54 -> 81.556599 | AO12: =$AA12*100/$AA54 -> 86.384184
A13: ="HTBeam at Beta = " & HTBar!B23 -> HTBeam at Beta = 36 | B13: =HTBar!$E$3*(1-HTBar!$E$10)*HTBar!$E23 -> 9.318213 | C13: =HTBar!$F$3*(1-HTBar!$F$10)*HTBar!$F23 -> 11.685085 | D13: =HTBar!$G$3*(1-HTBar!$G$10)*HTBar!$G23 -> 12.496204 | E13: =HTBar!$H$3*(1-HTBar!$H$10)*HTBar!$H23 -> 11.807787 | F13: =HTBar!$I$3*(1-HTBar!$I$10)*HTBar!$I23 -> 9.7576513 | G13: =HTBar!$J$3*(1-HTBar!$J$10)*HTBar!$J23 -> 9.6796777 | H13: =HTBar!$K$3*(1-HTBar!$K$10)*HTBar!$K23 -> 8.6822564 | I13: =HTBar!$L$3*(1-HTBar!$L$10)*HTBar!$L23 -> 9.4115791 | J13: =HTBar!$M$3*(1-HTBar!$M$10)*HTBar!$M23 -> 8.3070132 | K13: =HTBar!$N$3*(1-HTBar!$N$10)*HTBar!$N23 -> 6.623746 | L13: =HTBar!$O$3*(1-HTBar!$O$10)*HTBar!$O23 -> 6.4833148 | M13: =HTBar!$P$3*(1-HTBar!$P$10)*HTBar!$P23 -> 7.2814796 | O13: HTBeam at Beta = 75 | P13: 11.825518 | Q13: 13.301091 | R13: 12.001092 | S13: 8.9396041 | T13: 5.9711395 | U13: 5.3067025 | V13: 5.0036527 | W13: 6.5247934 | X13: 7.2914602 | Y13: 7.1724813 | Z13: 8.0135058 | AA13: 9.4988011 | AC13: HTBeam at Beta = 75 | AD13: =$P13*100/$P55 -> 86.736754 | AE13: =$Q13*100/$Q55 -> 82.952853 | AF13: =$R13*100/$R55 -> 72.72481 | AG13: =$S13*100/$S55 -> 60.748503 | AH13: =$T13*100/$T55 -> 50.477728 | AI13: =$U13*100/$U55 -> 45.419332 | AJ13: =$V13*100/$V55 -> 45.020153 | AK13: =$W13*100/$W55 -> 55.522223 | AL13: =$X13*100/$X55 -> 64.534222 | AM13: =$Y13*100/$Y55 -> 74.38329 | AN13: =$Z13*100/$Z55 -> 81.800361 | AO13: =$AA13*100/$AA55 -> 86.523831
A14: ="HTBeam at Beta = " & HTBar!B24 -> HTBeam at Beta = 39 | B14: =HTBar!$E$3*(1-HTBar!$E$10)*HTBar!$E24 -> 9.6866525 | C14: =HTBar!$F$3*(1-HTBar!$F$10)*HTBar!$F24 -> 12.020023 | D14: =HTBar!$G$3*(1-HTBar!$G$10)*HTBar!$G24 -> 12.669497 | E14: =HTBar!$H$3*(1-HTBar!$H$10)*HTBar!$H24 -> 11.766306 | F14: =HTBar!$I$3*(1-HTBar!$I$10)*HTBar!$I24 -> 9.5917788 | G14: =HTBar!$J$3*(1-HTBar!$J$10)*HTBar!$J24 -> 9.4541915 | H14: =HTBar!$K$3*(1-HTBar!$K$10)*HTBar!$K24 -> 8.5043714 | I14: =HTBar!$L$3*(1-HTBar!$L$10)*HTBar!$L24 -> 9.3239492 | J14: =HTBar!$M$3*(1-HTBar!$M$10)*HTBar!$M24 -> 8.3649031 | K14: =HTBar!$N$3*(1-HTBar!$N$10)*HTBar!$N24 -> 6.7830615 | L14: =HTBar!$O$3*(1-HTBar!$O$10)*HTBar!$O24 -> 6.7218406 | M14: =HTBar!$P$3*(1-HTBar!$P$10)*HTBar!$P24 -> 7.5908476
A15: ="HTBeam at Beta = " & HTBar!B25 -> HTBeam at Beta = 42 | B15: =HTBar!$E$3*(1-HTBar!$E$10)*HTBar!$E25 -> 10.028542 | C15: =HTBar!$F$3*(1-HTBar!$F$10)*HTBar!$F25 -> 12.322016 | D15: =HTBar!$G$3*(1-HTBar!$G$10)*HTBar!$G25 -> 12.808064 | E15: =HTBar!$H$3*(1-HTBar!$H$10)*HTBar!$H25 -> 11.693472 | F15: =HTBar!$I$3*(1-HTBar!$I$10)*HTBar!$I25 -> 9.4025719 | G15: =HTBar!$J$3*(1-HTBar!$J$10)*HTBar!$J25 -> 9.2072712 | H15: =HTBar!$K$3*(1-HTBar!$K$10)*HTBar!$K25 -> 8.306538 | I15: =HTBar!$L$3*(1-HTBar!$L$10)*HTBar!$L25 -> 9.2122191 | J15: =HTBar!$M$3*(1-HTBar!$M$10)*HTBar!$M25 -> 8.3999013 | K15: =HTBar!$N$3*(1-HTBar!$N$10)*HTBar!$N25 -> 6.923785 | L15: =HTBar!$O$3*(1-HTBar!$O$10)*HTBar!$O25 -> 6.9419422 | M15: =HTBar!$P$3*(1-HTBar!$P$10)*HTBar!$P25 -> 7.8794096
A16: ="HTBeam at Beta = " & HTBar!B26 -> HTBeam at Beta = 45 | B16: =HTBar!$E$3*(1-HTBar!$E$10)*HTBar!$E26 -> 10.342943 | C16: =HTBar!$F$3*(1-HTBar!$F$10)*HTBar!$F26 -> 12.590235 | D16: =HTBar!$G$3*(1-HTBar!$G$10)*HTBar!$G26 -> 12.911526 | E16: =HTBar!$H$3*(1-HTBar!$H$10)*HTBar!$H26 -> 11.589467 | F16: =HTBar!$I$3*(1-HTBar!$I$10)*HTBar!$I26 -> 9.1904815 | G16: =HTBar!$J$3*(1-HTBar!$J$10)*HTBar!$J26 -> 8.939489 | H16: =HTBar!$K$3*(1-HTBar!$K$10)*HTBar!$K26 -> 8.0892207 | I16: =HTBar!$L$3*(1-HTBar!$L$10)*HTBar!$L26 -> 9.0766622 | J16: =HTBar!$M$3*(1-HTBar!$M$10)*HTBar!$M26 -> 8.4119112 | K16: =HTBar!$N$3*(1-HTBar!$N$10)*HTBar!$N26 -> 7.045531 | L16: =HTBar!$O$3*(1-HTBar!$O$10)*HTBar!$O26 -> 7.1430164 | M16: =HTBar!$P$3*(1-HTBar!$P$10)*HTBar!$P26 -> 8.1463746 | O16: HTSky at Beta = 3 | P16: 1.9254554 | Q16: 2.9460978 | R16: 4.8776107 | S16: 6.8069104 | T16: 8.3344108 | U16: 8.9683918 | V16: 8.6490663 | W16: 7.4484937 | X16: 5.6779589 | Y16: 3.5500655 | Z16: 2.248019 | AA16: 1.6905868 | AC16: HTSky at Beta = 3 | AD16: =$P16*100/$P44 -> 33.344846 | AE16: =$Q16*100/$Q44 -> 32.390946 | AF16: =$R16*100/$R44 -> 36.457657 | AG16: =$S16*100/$S44 -> 39.921681 | AH16: =$T16*100/$T44 -> 45.407258 | AI16: =$U16*100/$U44 -> 45.579333 | AJ16: =$V16*100/$V44 -> 48.202092 | AK16: =$W16*100/$W44 -> 45.859211 | AL16: =$X16*100/$X44 -> 47.603206 | AM16: =$Y16*100/$Y44 -> 48.278921 | AN16: =$Z16*100/$Z44 -> 43.980854 | AO16: =$AA16*100/$AA44 -> 37.780149
A17: ="HTBeam at Beta = " & HTBar!B27 -> HTBeam at Beta = 48 | B17: =HTBar!$E$3*(1-HTBar!$E$10)*HTBar!$E27 -> 10.628995 | C17: =HTBar!$F$3*(1-HTBar!$F$10)*HTBar!$F27 -> 12.823945 | D17: =HTBar!$G$3*(1-HTBar!$G$10)*HTBar!$G27 -> 12.979597 | E17: =HTBar!$H$3*(1-HTBar!$H$10)*HTBar!$H27 -> 11.454562 | F17: =HTBar!$I$3*(1-HTBar!$I$10)*HTBar!$I27 -> 8.9560475 | G17: =HTBar!$J$3*(1-HTBar!$J$10)*HTBar!$J27 -> 8.6515146 | H17: =HTBar!$K$3*(1-HTBar!$K$10)*HTBar!$K27 -> 7.8529673 | I17: =HTBar!$L$3*(1-HTBar!$L$10)*HTBar!$L27 -> 8.9176302 | J17: =HTBar!$M$3*(1-HTBar!$M$10)*HTBar!$M27 -> 8.4008993 | K17: =HTBar!$N$3*(1-HTBar!$N$10)*HTBar!$N27 -> 7.1479656 | L17: =HTBar!$O$3*(1-HTBar!$O$10)*HTBar!$O27 -> 7.3245122 | M17: =HTBar!$P$3*(1-HTBar!$P$10)*HTBar!$P27 -> 8.3910111 | O17: HTSky at Beta = 9 | P17: 1.9149148 | Q17: 2.9299698 | R17: 4.850909 | S17: 6.769647 | T17: 8.2887853 | U17: 8.9192957 | V17: 8.6017183 | W17: 7.4077181 | X17: 5.6468758 | Y17: 3.5306312 | Z17: 2.2357126 | AA17: 1.6813319 | AC17: HTSky at Beta = 9 | AD17: =$P17*100/$P45 -> 27.66988 | AE17: =$Q17*100/$Q45 -> 28.414075 | AF17: =$R17*100/$R45 -> 33.787657 | AG17: =$S17*100/$S45 -> 38.501477 | AH17: =$T17*100/$T45 -> 44.863873 | AI17: =$U17*100/$U45 -> 45.413878 | AJ17: =$V17*100/$V45 -> 47.865901 | AK17: =$W17*100/$W45 -> 44.81689 | AL17: =$X17*100/$X45 -> 45.332262 | AM17: =$Y17*100/$Y45 -> 44.26797 | AN17: =$Z17*100/$Z45 -> 38.072124 | AO17: =$AA17*100/$AA45 -> 31.101931
A18: ="HTBeam at Beta = " & HTBar!B28 -> HTBeam at Beta = 51 | B18: =HTBar!$E$3*(1-HTBar!$E$10)*HTBar!$E28 -> 10.885914 | C18: =HTBar!$F$3*(1-HTBar!$F$10)*HTBar!$F28 -> 13.022505 | D18: =HTBar!$G$3*(1-HTBar!$G$10)*HTBar!$G28 -> 13.012093 | E18: =HTBar!$H$3*(1-HTBar!$H$10)*HTBar!$H28 -> 11.289123 | F18: =HTBar!$I$3*(1-HTBar!$I$10)*HTBar!$I28 -> 8.699896 | G18: =HTBar!$J$3*(1-HTBar!$J$10)*HTBar!$J28 -> 8.3441118 | H18: =HTBar!$K$3*(1-HTBar!$K$10)*HTBar!$K28 -> 7.5984065 | I18: =HTBar!$L$3*(1-HTBar!$L$10)*HTBar!$L28 -> 8.7355508 | J18: =HTBar!$M$3*(1-HTBar!$M$10)*HTBar!$M28 -> 8.3668957 | K18: =HTBar!$N$3*(1-HTBar!$N$10)*HTBar!$N28 -> 7.2308081 | L18: =HTBar!$O$3*(1-HTBar!$O$10)*HTBar!$O28 -> 7.485932 | M18: =HTBar!$P$3*(1-HTBar!$P$10)*HTBar!$P28 -> 8.6126483 | O18: HTSky at Beta = 12 | P18: 1.9057234 | Q18: 2.9159062 | R18: 4.827625 | S18: 6.7371533 | T18: 8.2489998 | U18: 8.8764838 | V18: 8.5604308 | W18: 7.3721617 | X18: 5.6197713 | Y18: 3.5136844 | Z18: 2.2249813 | AA18: 1.6732616 | AC18: HTSky at Beta = 12 | AD18: =$P18*100/$P46 -> 25.500547 | AE18: =$Q18*100/$Q46 -> 26.778054 | AF18: =$R18*100/$R46 -> 32.606458 | AG18: =$S18*100/$S46 -> 37.844466 | AH18: =$T18*100/$T46 -> 44.612038 | AI18: =$U18*100/$U46 -> 45.335929 | AJ18: =$V18*100/$V46 -> 47.708143 | AK18: =$W18*100/$W46 -> 44.336757 | AL18: =$X18*100/$X46 -> 44.304459 | AM18: =$Y18*100/$Y46 -> 42.523164 | AN18: =$Z18*100/$Z46 -> 35.680685 | AO18: =$AA18*100/$AA46 -> 28.575424
A19: ="HTBeam at Beta = " & HTBar!B29 -> HTBeam at Beta = 54 | B19: =HTBar!$E$3*(1-HTBar!$E$10)*HTBar!$E29 -> 11.112996 | C19: =HTBar!$F$3*(1-HTBar!$F$10)*HTBar!$F29 -> 13.185372 | D19: =HTBar!$G$3*(1-HTBar!$G$10)*HTBar!$G29 -> 13.008923 | E19: =HTBar!$H$3*(1-HTBar!$H$10)*HTBar!$H29 -> 11.093605 | F19: =HTBar!$I$3*(1-HTBar!$I$10)*HTBar!$I29 -> 8.4227365 | G19: =HTBar!$J$3*(1-HTBar!$J$10)*HTBar!$J29 -> 8.018135 | H19: =HTBar!$K$3*(1-HTBar!$K$10)*HTBar!$K29 -> 7.3262448 | I19: =HTBar!$L$3*(1-HTBar!$L$10)*HTBar!$L29 -> 8.5309269 | J19: =HTBar!$M$3*(1-HTBar!$M$10)*HTBar!$M29 -> 8.3099936 | K19: =HTBar!$N$3*(1-HTBar!$N$10)*HTBar!$N29 -> 7.2938315 | L19: =HTBar!$O$3*(1-HTBar!$O$10)*HTBar!$O29 -> 7.6268333 | M19: =HTBar!$P$3*(1-HTBar!$P$10)*HTBar!$P29 -> 8.8106789 | O19: HTSky at Beta = 21 | P19: 1.8627879 | Q19: 2.8502116 | R19: 4.7188598 | S19: 6.5853669 | T19: 8.0631519 | U19: 8.6764988 | V19: 8.3675664 | W19: 7.2060687 | X19: 5.4931592 | Y19: 3.434522 | Z19: 2.1748531 | AA19: 1.6355635 | AC19: HTSky at Beta = 21 | AD19: =$P19*100/$P47 -> 20.625116 | AE19: =$Q19*100/$Q47 -> 22.837823 | AF19: =$R19*100/$R47 -> 29.537877 | AG19: =$S19*100/$S47 -> 36.056356 | AH19: =$T19*100/$T47 -> 43.95128 | AI19: =$U19*100/$U47 -> 45.154864 | AJ19: =$V19*100/$V47 -> 47.302128 | AK19: =$W19*100/$W47 -> 43.05107 | AL19: =$X19*100/$X47 -> 41.571574 | AM19: =$Y19*100/$Y47 -> 38.073404 | AN19: =$Z19*100/$Z47 -> 30.011993 | AO19: =$AA19*100/$AA47 -> 22.949442
A20: ="HTBeam at Beta = " & HTBar!B30 -> HTBeam at Beta = 57 | B20: =HTBar!$E$3*(1-HTBar!$E$10)*HTBar!$E30 -> 11.309617 | C20: =HTBar!$F$3*(1-HTBar!$F$10)*HTBar!$F30 -> 13.312098 | D20: =HTBar!$G$3*(1-HTBar!$G$10)*HTBar!$G30 -> 12.970096 | E20: =HTBar!$H$3*(1-HTBar!$H$10)*HTBar!$H30 -> 10.868555 | F20: =HTBar!$I$3*(1-HTBar!$I$10)*HTBar!$I30 -> 8.1253612 | G20: =HTBar!$J$3*(1-HTBar!$J$10)*HTBar!$J30 -> 7.6745274 | H20: =HTBar!$K$3*(1-HTBar!$K$10)*HTBar!$K30 -> 7.0372651 | I20: =HTBar!$L$3*(1-HTBar!$L$10)*HTBar!$L30 -> 8.3043349 | J20: =HTBar!$M$3*(1-HTBar!$M$10)*HTBar!$M30 -> 8.2303494 | K20: =HTBar!$N$3*(1-HTBar!$N$10)*HTBar!$N30 -> 7.336863 | L20: =HTBar!$O$3*(1-HTBar!$O$10)*HTBar!$O30 -> 7.74683 | M20: =HTBar!$P$3*(1-HTBar!$P$10)*HTBar!$P30 -> 8.98456 | O20: HTSky at Beta = 30 | P20: 1.7977062 | Q20: 2.7506315 | R20: 4.5539933 | S20: 6.3552888 | T20: 7.7814432 | U20: 8.3733612 | V20: 8.0752222 | W20: 6.9543046 | X20: 5.3012404 | Y20: 3.3145274 | Z20: 2.0988685 | AA20: 1.5784205 | AC20: HTSky at Beta = 30 | AD20: =$P20*100/$P48 -> 17.267125 | AE20: =$Q20*100/$Q48 -> 19.88968 | AF20: =$R20*100/$R48 -> 27.011114 | AG20: =$S20*100/$S48 -> 34.500486 | AH20: =$T20*100/$T48 -> 43.4486 | AI20: =$U20*100/$U48 -> 45.091739 | AJ20: =$V20*100/$V48 -> 47.025955 | AK20: =$W20*100/$W48 -> 41.982048 | AL20: =$X20*100/$X48 -> 39.261486 | AM20: =$Y20*100/$Y48 -> 34.49763 | AN20: =$Z20*100/$Z48 -> 25.851748 | AO20: =$AA20*100/$AA48 -> 19.115818
A21: ="HTBeam at Beta = " & HTBar!B31 -> HTBeam at Beta = 60 | B21: =HTBar!$E$3*(1-HTBar!$E$10)*HTBar!$E31 -> 11.47524 | C21: =HTBar!$F$3*(1-HTBar!$F$10)*HTBar!$F31 -> 13.402337 | D21: =HTBar!$G$3*(1-HTBar!$G$10)*HTBar!$G31 -> 12.89572 | E21: =HTBar!$H$3*(1-HTBar!$H$10)*HTBar!$H31 -> 10.614605 | F21: =HTBar!$I$3*(1-HTBar!$I$10)*HTBar!$I31 -> 7.8086428 | G21: =HTBar!$J$3*(1-HTBar!$J$10)*HTBar!$J31 -> 7.3143205 | H21: =HTBar!$K$3*(1-HTBar!$K$10)*HTBar!$K31 -> 6.7323261 | I21: =HTBar!$L$3*(1-HTBar!$L$10)*HTBar!$L31 -> 8.0564239 | J21: =HTBar!$M$3*(1-HTBar!$M$10)*HTBar!$M31 -> 8.128182 | K21: =HTBar!$N$3*(1-HTBar!$N$10)*HTBar!$N31 -> 7.3597847 | L21: =HTBar!$O$3*(1-HTBar!$O$10)*HTBar!$O31 -> 7.8455932 | M21: =HTBar!$P$3*(1-HTBar!$P$10)*HTBar!$P31 -> 9.133815 | O21: HTSky at Beta = 36 | P21: 1.742785 | Q21: 2.6665977 | R21: 4.4148655 | S21: 6.1611301 | T21: 7.5437146 | U21: 8.117549 | V21: 7.8285184 | W21: 6.7418456 | X21: 5.1392837 | Y21: 3.2132662 | Z21: 2.0347466 | AA21: 1.5301986 | AC21: HTSky at Beta = 36 | AD21: =$P21*100/$P49 -> 15.540521 | AE21: =$Q21*100/$Q49 -> 18.292078 | AF21: =$R21*100/$R49 -> 25.550105 | AG21: =$S21*100/$S49 -> 33.57095 | AH21: =$T21*100/$T49 -> 43.210082 | AI21: =$U21*100/$U49 -> 45.135296 | AJ21: =$V21*100/$V49 -> 46.928983 | AK21: =$W21*100/$W49 -> 41.382815 | AL21: =$X21*100/$X49 -> 37.907774 | AM21: =$Y21*100/$Y49 -> 32.465945 | AN21: =$Z21*100/$Z49 -> 23.625141 | AO21: =$AA21*100/$AA49 -> 17.157537
A22: ="HTBeam at Beta = " & HTBar!B32 -> HTBeam at Beta = 63 | B22: =HTBar!$E$3*(1-HTBar!$E$10)*HTBar!$E32 -> 11.60941 | C22: =HTBar!$F$3*(1-HTBar!$F$10)*HTBar!$F32 -> 13.455841 | D22: =HTBar!$G$3*(1-HTBar!$G$10)*HTBar!$G32 -> 12.785997 | E22: =HTBar!$H$3*(1-HTBar!$H$10)*HTBar!$H32 -> 10.332477 | F22: =HTBar!$I$3*(1-HTBar!$I$10)*HTBar!$I32 -> 7.4735348 | G22: =HTBar!$J$3*(1-HTBar!$J$10)*HTBar!$J32 -> 6.9386335 | H22: =HTBar!$K$3*(1-HTBar!$K$10)*HTBar!$K32 -> 6.4123617 | I22: =HTBar!$L$3*(1-HTBar!$L$10)*HTBar!$L32 -> 7.7879144 | J22: =HTBar!$M$3*(1-HTBar!$M$10)*HTBar!$M32 -> 8.0037725 | K22: =HTBar!$N$3*(1-HTBar!$N$10)*HTBar!$N32 -> 7.3625338 | L22: =HTBar!$O$3*(1-HTBar!$O$10)*HTBar!$O32 -> 7.9228522 | M22: =HTBar!$P$3*(1-HTBar!$P$10)*HTBar!$P32 -> 9.258035 | O22: HTSky at Beta = 51 | P22: 1.5696675 | Q22: 2.4017143 | R22: 3.97632 | S22: 5.5491214 | T22: 6.7943684 | U22: 7.3112017 | V22: 7.0508816 | W22: 6.0721522 | X22: 4.6287789 | Y22: 2.8940801 | Z22: 1.8326274 | AA22: 1.3781981 | AC22: HTSky at Beta = 51 | AD22: =$P22*100/$P50 -> 12.307806 | AE22: =$Q22*100/$Q50 -> 15.140113 | AF22: =$R22*100/$R50 -> 22.461267 | AG22: =$S22*100/$S50 -> 31.559824 | AH22: =$T22*100/$T50 -> 43.00582 | AI22: =$U22*100/$U50 -> 45.639053 | AJ22: =$V22*100/$V50 -> 47.065814 | AK22: =$W22*100/$W50 -> 40.27821 | AL22: =$X22*100/$X50 -> 35.036811 | AM22: =$Y22*100/$Y50 -> 28.257021 | AN22: =$Z22*100/$Z50 -> 19.286526 | AO22: =$AA22*100/$AA50 -> 13.514105
A23: ="HTBeam at Beta = " & HTBar!B33 -> HTBeam at Beta = 66 | B23: =HTBar!$E$3*(1-HTBar!$E$10)*HTBar!$E33 -> 11.711759 | C23: =HTBar!$F$3*(1-HTBar!$F$10)*HTBar!$F33 -> 13.472463 | D23: =HTBar!$G$3*(1-HTBar!$G$10)*HTBar!$G33 -> 12.641229 | E23: =HTBar!$H$3*(1-HTBar!$H$10)*HTBar!$H33 -> 10.022978 | F23: =HTBar!$I$3*(1-HTBar!$I$10)*HTBar!$I33 -> 7.1210713 | G23: =HTBar!$J$3*(1-HTBar!$J$10)*HTBar!$J33 -> 6.5486759 | H23: =HTBar!$K$3*(1-HTBar!$K$10)*HTBar!$K33 -> 6.0783821 | I23: =HTBar!$L$3*(1-HTBar!$L$10)*HTBar!$L33 -> 7.4995984 | J23: =HTBar!$M$3*(1-HTBar!$M$10)*HTBar!$M33 -> 7.8574632 | K23: =HTBar!$N$3*(1-HTBar!$N$10)*HTBar!$N33 -> 7.3451026 | L23: =HTBar!$O$3*(1-HTBar!$O$10)*HTBar!$O33 -> 7.9783952 | M23: =HTBar!$P$3*(1-HTBar!$P$10)*HTBar!$P33 -> 9.3568792 | O23: HTSky at Beta = 54 | P23: 1.529653 | Q23: 2.3404891 | R23: 3.8749544 | S23: 5.4076615 | T23: 6.6211643 | U23: 7.1248223 | V23: 6.8711383 | W23: 5.917359 | X23: 4.5107807 | Y23: 2.8203034 | Z23: 1.7859095 | AA23: 1.3430647 | AC23: HTSky at Beta = 54 | AD23: =$P23*100/$P51 -> 11.790259 | AE23: =$Q23*100/$Q51 -> 14.615188 | AF23: =$R23*100/$R51 -> 21.918967 | AG23: =$S23*100/$S51 -> 31.205266 | AH23: =$T23*100/$T51 -> 43.043572 | AI23: =$U23*100/$U51 -> 45.824445 | AJ23: =$V23*100/$V51 -> 47.171958 | AK23: =$W23*100/$W51 -> 40.128246 | AL23: =$X23*100/$X51 -> 34.53775 | AM23: =$Y23*100/$Y51 -> 27.53032 | AN23: =$Z23*100/$Z51 -> 18.570603 | AO23: =$AA23*100/$AA51 -> 12.933542
A24: ="HTBeam at Beta = " & HTBar!B34 -> HTBeam at Beta = 69 | B24: =HTBar!$E$3*(1-HTBar!$E$10)*HTBar!$E34 -> 11.782007 | C24: =HTBar!$F$3*(1-HTBar!$F$10)*HTBar!$F34 -> 13.452158 | D24: =HTBar!$G$3*(1-HTBar!$G$10)*HTBar!$G34 -> 12.461812 | E24: =HTBar!$H$3*(1-HTBar!$H$10)*HTBar!$H34 -> 9.6870014 | F24: =HTBar!$I$3*(1-HTBar!$I$10)*HTBar!$I34 -> 6.7523689 | G24: =HTBar!$J$3*(1-HTBar!$J$10)*HTBar!$J34 -> 6.1457497 | H24: =HTBar!$K$3*(1-HTBar!$K$10)*HTBar!$K34 -> 5.7314758 | I24: =HTBar!$L$3*(1-HTBar!$L$10)*HTBar!$L34 -> 7.1923384 | J24: =HTBar!$M$3*(1-HTBar!$M$10)*HTBar!$M34 -> 7.6896569 | K24: =HTBar!$N$3*(1-HTBar!$N$10)*HTBar!$N34 -> 7.307539 | L24: =HTBar!$O$3*(1-HTBar!$O$10)*HTBar!$O34 -> 8.01207 | M24: =HTBar!$P$3*(1-HTBar!$P$10)*HTBar!$P34 -> 9.430077 | O24: HTSky at Beta = 66 | P24: 1.355233 | Q24: 2.0736128 | R24: 3.4331093 | S24: 4.7910482 | T24: 5.8661802 | U24: 6.3124082 | V24: 6.0876507 | W24: 5.242627 | X24: 3.9964349 | Y24: 2.4987158 | Z24: 1.5822696 | AA24: 1.1899205 | AC24: HTSky at Beta = 66 | AD24: =$P24*100/$P52 -> 10.006379 | AE24: =$Q24*100/$Q52 -> 12.761686 | AF24: =$R24*100/$R52 -> 19.939035 | AG24: =$S24*100/$S52 -> 29.933249 | AH24: =$T24*100/$T52 -> 43.535348 | AI24: =$U24*100/$U52 -> 46.952848 | AJ24: =$V24*100/$V52 -> 47.946466 | AK24: =$W24*100/$W52 -> 39.804713 | AL24: =$X24*100/$X52 -> 32.760828 | AM24: =$Y24*100/$Y52 -> 24.909365 | AN24: =$Z24*100/$Z52 -> 16.056418 | AO24: =$AA24*100/$AA52 -> 10.938082
A25: ="HTBeam at Beta = " & HTBar!B35 -> HTBeam at Beta = 72 | B25: =HTBar!$E$3*(1-HTBar!$E$10)*HTBar!$E35 -> 11.819961 | C25: =HTBar!$F$3*(1-HTBar!$F$10)*HTBar!$F35 -> 13.394982 | D25: =HTBar!$G$3*(1-HTBar!$G$10)*HTBar!$G35 -> 12.248238 | E25: =HTBar!$H$3*(1-HTBar!$H$10)*HTBar!$H35 -> 9.3255233 | F25: =HTBar!$I$3*(1-HTBar!$I$10)*HTBar!$I35 -> 6.3686283 | G25: =HTBar!$J$3*(1-HTBar!$J$10)*HTBar!$J35 -> 5.7312559 | H25: =HTBar!$K$3*(1-HTBar!$K$10)*HTBar!$K35 -> 5.3728133 | I25: =HTBar!$L$3*(1-HTBar!$L$10)*HTBar!$L35 -> 6.8670682 | J25: =HTBar!$M$3*(1-HTBar!$M$10)*HTBar!$M35 -> 7.5008158 | K25: =HTBar!$N$3*(1-HTBar!$N$10)*HTBar!$N35 -> 7.249946 | L25: =HTBar!$O$3*(1-HTBar!$O$10)*HTBar!$O35 -> 8.0237842 | M25: =HTBar!$P$3*(1-HTBar!$P$10)*HTBar!$P35 -> 9.4774275 | O25: HTSky at Beta = 69 | P25: 1.3086352 | Q25: 2.0023144 | R25: 3.3150666 | S25: 4.6263146 | T25: 5.6644797 | U25: 6.0953647 | V25: 5.8783353 | W25: 5.0623665 | X25: 3.859023 | Y25: 2.4128009 | Z25: 1.5278654 | AA25: 1.1490068 | AC25: HTSky at Beta = 69 | AD25: =$P25*100/$P53 -> 9.6179287 | AE25: =$Q25*100/$Q53 -> 12.348972 | AF25: =$R25*100/$R53 -> 19.484556 | AG25: =$S25*100/$S53 -> 29.651631 | AH25: =$T25*100/$T53 -> 43.76195 | AI25: =$U25*100/$U53 -> 47.354738 | AJ25: =$V25*100/$V53 -> 48.247082 | AK25: =$W25*100/$W53 -> 39.803808 | AL25: =$X25*100/$X53 -> 32.36967 | AM25: =$Y25*100/$Y53 -> 24.315159 | AN25: =$Z25*100/$Z53 -> 15.499273 | AO25: =$AA25*100/$AA53 -> 10.504688
A26: ="HTBeam at Beta = " & HTBar!B36 -> HTBeam at Beta = 75 | B26: =HTBar!$E$3*(1-HTBar!$E$10)*HTBar!$E36 -> 11.825518 | C26: =HTBar!$F$3*(1-HTBar!$F$10)*HTBar!$F36 -> 13.301091 | D26: =HTBar!$G$3*(1-HTBar!$G$10)*HTBar!$G36 -> 12.001092 | E26: =HTBar!$H$3*(1-HTBar!$H$10)*HTBar!$H36 -> 8.9396041 | F26: =HTBar!$I$3*(1-HTBar!$I$10)*HTBar!$I36 -> 5.9711395 | G26: =HTBar!$J$3*(1-HTBar!$J$10)*HTBar!$J36 -> 5.3067025 | H26: =HTBar!$K$3*(1-HTBar!$K$10)*HTBar!$K36 -> 5.0036527 | I26: =HTBar!$L$3*(1-HTBar!$L$10)*HTBar!$L36 -> 6.5247934 | J26: =HTBar!$M$3*(1-HTBar!$M$10)*HTBar!$M36 -> 7.2914602 | K26: =HTBar!$N$3*(1-HTBar!$N$10)*HTBar!$N36 -> 7.1724813 | L26: =HTBar!$O$3*(1-HTBar!$O$10)*HTBar!$O36 -> 8.0135058 | M26: =HTBar!$P$3*(1-HTBar!$P$10)*HTBar!$P36 -> 9.4988011 | O26: HTSky at Beta = 72 | P26: 1.2610911 | Q26: 1.9295682 | R26: 3.1946267 | S26: 4.4582357 | T26: 5.4586831 | U26: 5.8739136 | V26: 5.6647691 | W26: 4.8784453 | X26: 3.7188206 | Y26: 2.3251413 | Z26: 1.4723565 | AA26: 1.1072621 | AC26: HTSky at Beta = 72 | AD26: =$P26*100/$P54 -> 9.2480642 | AE26: =$Q26*100/$Q54 -> 11.953008 | AF26: =$R26*100/$R54 -> 19.044041 | AG26: =$S26*100/$S54 -> 29.385004 | AH26: =$T26*100/$T54 -> 44.039952 | AI26: =$U26*100/$U54 -> 47.816555 | AJ26: =$V26*100/$V54 -> 48.600699 | AK26: =$W26*100/$W54 -> 39.841077 | AL26: =$X26*100/$X54 -> 31.999836 | AM26: =$Y26*100/$Y54 -> 23.741996 | AN26: =$Z26*100/$Z54 -> 14.965555 | AO26: =$AA26*100/$AA54 -> 10.092394
A27: ="HTBeam at Beta = " & HTBar!B37 -> HTBeam at Beta = 78 | B27: =HTBar!$E$3*(1-HTBar!$E$10)*HTBar!$E37 -> 11.798662 | C27: =HTBar!$F$3*(1-HTBar!$F$10)*HTBar!$F37 -> 13.170743 | D27: =HTBar!$G$3*(1-HTBar!$G$10)*HTBar!$G37 -> 11.721052 | E27: =HTBar!$H$3*(1-HTBar!$H$10)*HTBar!$H37 -> 8.5303877 | F27: =HTBar!$I$3*(1-HTBar!$I$10)*HTBar!$I37 -> 5.5612881 | G27: =HTBar!$J$3*(1-HTBar!$J$10)*HTBar!$J37 -> 4.873717 | H27: =HTBar!$K$3*(1-HTBar!$K$10)*HTBar!$K37 -> 4.6253485 | I27: =HTBar!$L$3*(1-HTBar!$L$10)*HTBar!$L37 -> 6.1665937 | J27: =HTBar!$M$3*(1-HTBar!$M$10)*HTBar!$M37 -> 7.0621674 | K27: =HTBar!$N$3*(1-HTBar!$N$10)*HTBar!$N37 -> 7.0753574 | L27: =HTBar!$O$3*(1-HTBar!$O$10)*HTBar!$O37 -> 7.981263 | M27: =HTBar!$P$3*(1-HTBar!$P$10)*HTBar!$P37 -> 9.4941391 | O27: HTSky at Beta = 75 | P27: 1.212731 | Q27: 1.8555735 | R27: 3.0721197 | S27: 4.287272 | T27: 5.2493545 | U27: 5.6486618 | V27: 5.4475375 | W27: 4.6913676 | X27: 3.576212 | Y27: 2.2359772 | Z27: 1.4158948 | AA27: 1.064801 | AC27: HTSky at Beta = 75 | AD27: =$P27*100/$P55 -> 8.8950312 | AE27: =$Q27*100/$Q55 -> 11.572367 | AF27: =$R27*100/$R55 -> 18.616583 | AG27: =$S27*100/$S55 -> 29.13388 | AH27: =$T27*100/$T55 -> 44.376034 | AI27: =$U27*100/$U55 -> 48.346114 | AJ27: =$V27*100/$V55 -> 49.013988 | AK27: =$W27*100/$W55 -> 39.920828 | AL27: =$X27*100/$X55 -> 31.651829 | AM27: =$Y27*100/$Y55 -> 23.188536 | AN27: =$Z27*100/$Z55 -> 14.453188 | AO27: =$AA27*100/$AA55 -> 9.6991888
A28: ="HTBeam at Beta = " & HTBar!B38 -> HTBeam at Beta = 81 | B28: =HTBar!$E$3*(1-HTBar!$E$10)*HTBar!$E38 -> 11.739466 | C28: =HTBar!$F$3*(1-HTBar!$F$10)*HTBar!$F38 -> 13.004295 | D28: =HTBar!$G$3*(1-HTBar!$G$10)*HTBar!$G38 -> 11.408886 | E28: =HTBar!$H$3*(1-HTBar!$H$10)*HTBar!$H38 -> 8.0991022 | F28: =HTBar!$I$3*(1-HTBar!$I$10)*HTBar!$I38 -> 5.1405651 | G28: =HTBar!$J$3*(1-HTBar!$J$10)*HTBar!$J38 -> 4.4340648 | H28: =HTBar!$K$3*(1-HTBar!$K$10)*HTBar!$K38 -> 4.2393639 | I28: =HTBar!$L$3*(1-HTBar!$L$10)*HTBar!$L38 -> 5.7936263 | J28: =HTBar!$M$3*(1-HTBar!$M$10)*HTBar!$M38 -> 6.8135699 | K28: =HTBar!$N$3*(1-HTBar!$N$10)*HTBar!$N38 -> 6.9588405 | L28: =HTBar!$O$3*(1-HTBar!$O$10)*HTBar!$O38 -> 7.927144 | M28: =HTBar!$P$3*(1-HTBar!$P$10)*HTBar!$P38 -> 9.4634543
A29: ="HTBeam at Beta = " & HTBar!B39 -> HTBeam at Beta = 84 | B29: =HTBar!$E$3*(1-HTBar!$E$10)*HTBar!$E39 -> 11.648093 | C29: =HTBar!$F$3*(1-HTBar!$F$10)*HTBar!$F39 -> 12.802203 | D29: =HTBar!$G$3*(1-HTBar!$G$10)*HTBar!$G39 -> 11.065449 | E29: =HTBar!$H$3*(1-HTBar!$H$10)*HTBar!$H39 -> 7.6470612 | F29: =HTBar!$I$3*(1-HTBar!$I$10)*HTBar!$I39 -> 4.7105819 | G29: =HTBar!$J$3*(1-HTBar!$J$10)*HTBar!$J39 -> 3.989676 | H29: =HTBar!$K$3*(1-HTBar!$K$10)*HTBar!$K39 -> 3.8472899 | I29: =HTBar!$L$3*(1-HTBar!$L$10)*HTBar!$L39 -> 5.4071306 | J29: =HTBar!$M$3*(1-HTBar!$M$10)*HTBar!$M39 -> 6.5463545 | K29: =HTBar!$N$3*(1-HTBar!$N$10)*HTBar!$N39 -> 6.8232498 | L29: =HTBar!$O$3*(1-HTBar!$O$10)*HTBar!$O39 -> 7.8512973 | M29: =HTBar!$P$3*(1-HTBar!$P$10)*HTBar!$P39 -> 9.4068309
A30: ="HTBeam at Beta = " & HTBar!B40 -> HTBeam at Beta = 87 | B30: =HTBar!$E$3*(1-HTBar!$E$10)*HTBar!$E40 -> 11.524794 | C30: =HTBar!$F$3*(1-HTBar!$F$10)*HTBar!$F40 -> 12.565021 | D30: =HTBar!$G$3*(1-HTBar!$G$10)*HTBar!$G40 -> 10.691682 | E30: =HTBar!$H$3*(1-HTBar!$H$10)*HTBar!$H40 -> 7.1756678 | F30: =HTBar!$I$3*(1-HTBar!$I$10)*HTBar!$I40 -> 4.2730915 | G30: =HTBar!$J$3*(1-HTBar!$J$10)*HTBar!$J40 -> 3.5426836 | H30: =HTBar!$K$3*(1-HTBar!$K$10)*HTBar!$K40 -> 3.4508715 | I30: =HTBar!$L$3*(1-HTBar!$L$10)*HTBar!$L40 -> 5.0084373 | J30: =HTBar!$M$3*(1-HTBar!$M$10)*HTBar!$M40 -> 6.2612599 | K30: =HTBar!$N$3*(1-HTBar!$N$10)*HTBar!$N40 -> 6.6689571 | L30: =HTBar!$O$3*(1-HTBar!$O$10)*HTBar!$O40 -> 7.7539308 | M30: =HTBar!$P$3*(1-HTBar!$P$10)*HTBar!$P40 -> 9.324424 | O30: HTGround at Beta = 3 | P30: 0.0011011962 | Q30: 0.001623179 | R30: 0.0026419829 | S30: 0.0027529906 | T30: 0.0011256179 | U30: 0.0013468932 | V30: 0.0012260182 | W30: 0.00099018855 | X30: 0.00079678849 | Y30: 0.00043292997 | Z30: 0.00067862698 | AA30: 0.00076669308 | AC30: HTGround at Beta = 3 | AD30: =$P30*100/$P44 -> 0.019070407 | AE30: =$Q30*100/$Q44 -> 0.017846083 | AF30: =$R30*100/$R44 -> 0.019747477 | AG30: =$S30*100/$S44 -> 0.016145946 | AH30: =$T30*100/$T44 -> 0.0061325539 | AI30: =$U30*100/$U44 -> 0.0068452067 | AJ30: =$V30*100/$V44 -> 0.0068327193 | AK30: =$W30*100/$W44 -> 0.0060964361 | AL30: =$X30*100/$X44 -> 0.0066801623 | AM30: =$Y30*100/$Y44 -> 0.0058876075 | AN30: =$Z30*100/$Z44 -> 0.013276842 | AO30: =$AA30*100/$AA44 -> 0.017133565
A31: ="HTBeam at Beta = " & HTBar!B41 -> HTBeam at Beta = 90 | B31: =HTBar!$E$3*(1-HTBar!$E$10)*HTBar!$E41 -> 11.369906 | C31: =HTBar!$F$3*(1-HTBar!$F$10)*HTBar!$F41 -> 12.293399 | D31: =HTBar!$G$3*(1-HTBar!$G$10)*HTBar!$G41 -> 10.28861 | E31: =HTBar!$H$3*(1-HTBar!$H$10)*HTBar!$H41 -> 6.6864193 | F31: =HTBar!$I$3*(1-HTBar!$I$10)*HTBar!$I41 -> 3.8300205 | G31: =HTBar!$J$3*(1-HTBar!$J$10)*HTBar!$J41 -> 3.0954808 | H31: =HTBar!$K$3*(1-HTBar!$K$10)*HTBar!$K41 -> 3.0520475 | I31: =HTBar!$L$3*(1-HTBar!$L$10)*HTBar!$L41 -> 4.59898 | J31: =HTBar!$M$3*(1-HTBar!$M$10)*HTBar!$M41 -> 5.9590756 | K31: =HTBar!$N$3*(1-HTBar!$N$10)*HTBar!$N41 -> 6.4963852 | L31: =HTBar!$O$3*(1-HTBar!$O$10)*HTBar!$O41 -> 7.6353112 | M31: =HTBar!$P$3*(1-HTBar!$P$10)*HTBar!$P41 -> 9.2164595 | O31: HTGround at Beta = 9 | P31: 0.0098926646 | Q31: 0.014581929 | R31: 0.023734417 | S31: 0.024731661 | T31: 0.010112058 | U31: 0.012099899 | V31: 0.011014011 | W31: 0.0088954202 | X31: 0.0071579988 | Y31: 0.0038892532 | Z31: 0.0060964875 | AA31: 0.0068876347 | AC31: HTGround at Beta = 9 | AD31: =$P31*100/$P45 -> 0.1429457 | AE31: =$Q31*100/$Q45 -> 0.14141171 | AF31: =$R31*100/$R45 -> 0.16531548 | AG31: =$S31*100/$S45 -> 0.14065807 | AH31: =$T31*100/$T45 -> 0.05473252 | AI31: =$U31*100/$U45 -> 0.061608377 | AJ31: =$V31*100/$V45 -> 0.06128956 | AK31: =$W31*100/$W45 -> 0.053817527 | AL31: =$X31*100/$X45 -> 0.057463329 | AM31: =$Y31*100/$Y45 -> 0.048764467 | AN31: =$Z31*100/$Z45 -> 0.10381756 | AO31: =$AA31*100/$AA45 -> 0.12741014
O32: HTGround at Beta = 12 | P32: 0.01755884 | Q32: 0.025881982 | R32: 0.042127055 | S32: 0.0438971 | T32: 0.01794825 | U32: 0.021476538 | V32: 0.019549156 | W32: 0.015788796 | X32: 0.012704985 | Y32: 0.0069031729 | Z32: 0.010820871 | AA32: 0.012225106 | AC32: HTGround at Beta = 12 | AD32: =$P32*100/$P46 -> 0.23495541 | AE32: =$Q32*100/$Q46 -> 0.23768567 | AF32: =$R32*100/$R46 -> 0.28453206 | AG32: =$S32*100/$S46 -> 0.24658223 | AH32: =$T32*100/$T46 -> 0.097067281 | AI32: =$U32*100/$U46 -> 0.10968969 | AJ32: =$V32*100/$V46 -> 0.10894942 | AK32: =$W32*100/$W46 -> 0.094955052 | AL32: =$X32*100/$X46 -> 0.10016199 | AM32: =$Y32*100/$Y46 -> 0.08354329 | AN32: =$Z32*100/$Z46 -> 0.17352779 | AO32: =$AA32*100/$AA46 -> 0.20877643
O33: HTGround at Beta = 21 | P33: 0.053369456 | Q33: 0.078667343 | R33: 0.12804365 | S33: 0.13342364 | T33: 0.054553053 | U33: 0.065277157 | V33: 0.05941895 | W33: 0.04798947 | X33: 0.03861634 | Y33: 0.020981943 | Z33: 0.032889644 | AA33: 0.037157766 | AC33: HTGround at Beta = 21 | AD33: =$P33*100/$P47 -> 0.59091602 | AE33: =$Q33*100/$Q47 -> 0.63033597 | AF33: =$R33*100/$R47 -> 0.80149397 | AG33: =$S33*100/$S47 -> 0.73052425 | AH33: =$T33*100/$T47 -> 0.29736219 | AI33: =$U33*100/$U47 -> 0.33972011 | AJ33: =$V33*100/$V47 -> 0.33589728 | AK33: =$W33*100/$W47 -> 0.28670252 | AL33: =$X33*100/$X47 -> 0.29224386 | AM33: =$Y33*100/$Y47 -> 0.23259539 | AN33: =$Z33*100/$Z47 -> 0.45386229 | AO33: =$AA33*100/$AA47 -> 0.52137996
A34: ="HTSky at Beta = " & HTBar!B12 -> HTSky at Beta = 3 | B34: =(HTBar!$E$11*((1+COS(HTBar!$B12*PI()/180))/2)) -> 1.9254554 | C34: =(HTBar!$F$11*((1+COS(HTBar!$B12*PI()/180))/2)) -> 2.9460978 | D34: =(HTBar!$G$11*((1+COS(HTBar!$B12*PI()/180))/2)) -> 4.8776107 | E34: =(HTBar!$H$11*((1+COS(HTBar!$B12*PI()/180))/2)) -> 6.8069104 | F34: =(HTBar!$I$11*((1+COS(HTBar!$B12*PI()/180))/2)) -> 8.3344108 | G34: =(HTBar!$J$11*((1+COS(HTBar!$B12*PI()/180))/2)) -> 8.9683918 | H34: =(HTBar!$K$11*((1+COS(HTBar!$B12*PI()/180))/2)) -> 8.6490663 | I34: =(HTBar!$L$11*((1+COS(HTBar!$B12*PI()/180))/2)) -> 7.4484937 | J34: =(HTBar!$M$11*((1+COS(HTBar!$B12*PI()/180))/2)) -> 5.6779589 | K34: =(HTBar!$N$11*((1+COS(HTBar!$B12*PI()/180))/2)) -> 3.5500655 | L34: =(HTBar!$O$11*((1+COS(HTBar!$B12*PI()/180))/2)) -> 2.248019 | M34: =(HTBar!$P$11*((1+COS(HTBar!$B12*PI()/180))/2)) -> 1.6905868 | O34: HTGround at Beta = 30 | P34: 0.10765127 | Q34: 0.15867951 | R34: 0.25827623 | S34: 0.26912817 | T34: 0.11003869 | U34: 0.13167023 | V34: 0.11985367 | W34: 0.096799325 | X34: 0.07789283 | Y34: 0.042322575 | Z34: 0.066341541 | AA34: 0.074950748 | AC34: HTGround at Beta = 30 | AD34: =$P34*100/$P48 -> 1.0339998 | AE34: =$Q34*100/$Q48 -> 1.1474037 | AF34: =$R34*100/$R48 -> 1.5319146 | AG34: =$S34*100/$S48 -> 1.4609962 | AH34: =$T34*100/$T48 -> 0.61441395 | AI34: =$U34*100/$U48 -> 0.70906291 | AJ34: =$V34*100/$V48 -> 0.69796636 | AK34: =$W34*100/$W48 -> 0.58436236 | AL34: =$X34*100/$X48 -> 0.57688164 | AM34: =$Y34*100/$Y48 -> 0.44049373 | AN34: =$Z34*100/$Z48 -> 0.81712827 | AO34: =$AA34*100/$AA48 -> 0.90770795
